jour_de_tirage;boule_1;boule_2;boule_3;boule_4;boule_5;numero_chance
SA;33;32;42;16;15;
SA;36;9;16;27;25;
ME;41;16;14;18;10;
ME;29;28;3;1;6;
SA;24;47;39;42;45;
SA;28;7;24;35;32;
ME;2;33;34;28;8;
ME;9;19;32;21;20;
SA;24;40;13;9;47;
SA;31;26;47;10;12;
ME;31;49;9;30;29;
ME;26;43;49;40;48;
SA;11;36;34;14;35;
SA;28;40;8;9;17;
ME;7;24;6;12;2;
ME;38;36;19;5;39;
SA;20;34;49;21;46;
SA;22;40;12;46;29;
ME;29;12;27;4;2;
ME;28;15;26;42;14;
SA;6;32;23;19;47;
SA;47;21;5;20;37;
ME;49;34;21;19;32;
ME;39;25;8;7;43;
SA;12;40;43;8;31;
SA;37;39;3;7;26;
ME;15;17;26;32;12;
ME;5;44;10;41;11;
SA;5;25;34;12;20;
SA;42;21;41;29;24;
ME;41;43;25;23;4;
ME;23;49;29;11;38;
SA;19;29;25;24;6;
SA;24;48;47;6;2;
ME;16;40;46;39;43;
ME;13;26;35;30;47;
SA;11;9;27;18;46;
SA;34;32;15;16;17;
ME;44;7;48;32;40;
ME;32;33;7;35;36;
SA;45;20;48;44;31;
SA;41;13;27;18;42;
ME;29;4;35;23;17;
ME;16;48;6;22;5;
SA;3;47;10;25;40;
SA;41;1;11;46;19;
ME;23;29;34;47;21;
ME;47;17;10;1;16;
SA;6;9;7;43;8;
SA;26;27;4;18;20;
ME;45;34;39;21;13;
ME;46;25;36;4;16;
SA;35;36;44;39;13;
SA;18;26;17;23;12;
ME;34;26;3;17;4;
ME;43;33;38;14;27;
SA;44;7;16;29;26;
SA;30;18;17;7;22;
ME;5;27;44;3;35;
ME;12;36;2;1;30;
SA;30;19;2;10;22;
SA;29;14;41;17;28;
ME;46;1;39;11;32;
ME;49;29;21;11;48;
SA;1;27;11;24;20;
SA;24;39;1;16;35;
ME;22;47;45;26;35;
ME;6;7;35;46;45;
SA;30;3;1;33;9;
SA;20;15;40;13;2;
ME;46;15;11;40;8;
ME;39;27;30;19;13;
SA;43;19;48;1;3;
SA;23;2;46;42;32;
ME;24;12;17;46;14;
ME;14;18;29;30;32;
SA;33;48;32;5;16;
SA;32;8;39;7;1;
ME;14;17;33;1;7;
ME;5;34;17;35;13;
SA;20;35;28;13;1;
SA;10;37;25;4;36;
ME;12;13;5;17;31;
ME;39;14;18;16;10;
SA;47;20;40;21;7;
SA;17;42;14;23;15;
ME;21;35;14;24;12;
ME;45;43;37;25;47;
SA;41;18;16;4;34;
SA;41;13;16;48;14;
ME;49;31;27;40;38;
ME;42;16;29;13;35;
SA;34;49;37;14;3;
SA;15;28;27;11;37;
ME;14;36;3;17;25;
ME;23;33;3;45;39;
SA;10;2;8;21;15;
SA;10;49;26;11;34;
ME;41;2;44;5;47;
ME;37;13;31;48;25;
SA;45;17;18;8;24;
SA;44;49;27;48;24;
ME;32;14;9;5;48;
ME;8;41;19;37;3;
SA;21;27;6;47;30;
SA;10;2;32;44;20;
ME;14;43;27;46;42;
ME;7;28;41;9;2;
SA;36;19;4;21;18;
SA;7;3;10;11;38;
ME;4;46;34;5;18;
ME;49;6;21;10;17;
SA;11;35;38;28;44;
SA;43;8;31;9;10;
ME;20;34;37;25;1;
ME;36;6;33;26;42;
SA;44;5;6;22;30;
SA;17;38;23;45;9;
ME;19;1;31;22;39;
ME;32;44;8;24;14;
SA;24;36;11;3;42;
SA;18;11;12;43;10;
ME;41;30;28;46;42;
ME;1;37;9;12;11;
SA;2;32;40;33;34;
SA;23;16;44;38;4;
ME;3;40;12;37;46;
ME;23;37;39;41;21;
SA;22;41;17;30;3;
SA;26;3;8;46;19;
ME;13;30;14;10;19;
ME;40;39;31;20;29;
SA;49;35;27;8;39;
SA;5;41;47;33;46;
ME;7;32;31;42;23;
ME;13;15;6;29;33;
SA;37;40;14;8;18;
SA;38;45;13;27;12;
ME;2;47;3;17;44;
ME;8;22;46;2;10;
SA;39;26;19;5;6;
SA;31;15;32;5;30;
ME;19;8;35;4;34;
ME;3;33;38;9;48;
SA;33;31;38;45;47;
SA;42;46;22;20;48;
ME;38;25;45;44;31;
ME;28;24;10;7;25;
SA;15;24;44;34;16;
SA;34;17;24;39;37;
ME;2;41;33;14;34;
ME;38;31;1;14;26;
SA;34;26;39;35;37;
SA;5;21;24;36;19;
ME;26;9;39;33;44;
ME;16;3;11;29;5;
SA;20;7;40;16;47;
SA;3;25;46;11;5;
ME;29;7;37;5;31;
ME;6;3;19;8;37;
SA;27;10;13;8;41;
SA;32;48;31;26;25;
ME;9;8;16;11;40;
ME;41;39;27;14;35;
SA;17;33;43;32;28;
SA;31;14;25;15;11;
ME;20;27;14;1;15;
ME;45;19;48;3;30;
SA;46;42;37;31;7;
SA;21;47;15;4;40;
ME;45;28;22;15;21;
ME;17;10;38;44;4;
SA;44;14;25;3;15;
SA;43;19;3;2;42;
ME;28;24;20;46;49;
ME;39;25;37;33;32;
SA;2;20;15;4;39;
SA;34;30;23;19;48;
ME;35;16;34;2;29;
ME;36;17;30;23;42;
SA;44;29;17;26;27;
SA;19;29;16;48;9;
ME;8;33;22;43;17;
ME;20;32;6;38;27;
SA;22;33;8;31;34;
SA;23;11;1;16;40;
ME;43;18;34;16;17;
ME;7;44;41;39;32;
SA;46;25;11;33;48;
SA;30;31;41;42;19;
ME;9;28;44;40;42;
ME;45;40;42;21;8;
SA;11;41;6;20;39;
SA;4;33;3;45;28;
ME;16;46;24;19;23;
ME;39;40;19;30;7;
SA;39;21;26;48;28;
SA;25;28;8;42;37;
ME;36;38;29;21;3;
ME;27;33;6;36;17;
SA;31;6;48;15;4;
SA;5;39;37;34;9;
ME;2;47;28;40;13;
ME;45;38;14;19;9;
SA;25;23;11;49;3;
SA;30;47;39;11;40;
ME;21;25;2;4;46;
ME;15;24;34;42;40;
SA;38;8;5;39;1;
SA;31;36;28;40;14;
ME;42;18;40;30;21;
ME;2;6;30;5;15;
SA;23;25;30;6;24;
SA;1;34;29;49;33;
ME;18;4;5;11;48;
ME;8;16;31;10;34;
SA;38;1;25;49;2;
SA;24;36;27;31;8;
ME;10;8;41;39;46;
ME;8;10;28;20;33;
SA;18;15;23;25;41;
SA;47;21;30;10;28;
ME;7;41;21;39;2;
ME;45;49;23;48;6;
SA;4;5;19;1;17;
SA;26;40;28;12;43;
ME;38;10;5;12;35;
ME;31;12;43;49;18;
SA;46;37;16;48;9;
SA;45;27;39;31;18;
ME;17;3;14;36;11;
ME;39;14;32;19;20;
SA;44;37;45;16;3;
SA;22;13;12;19;8;
ME;7;14;34;40;36;
ME;14;13;48;29;30;
SA;39;35;13;48;8;
SA;29;31;30;17;10;
ME;7;32;38;30;36;
ME;9;32;44;8;33;
SA;18;35;36;38;13;
SA;12;25;46;23;38;
ME;47;13;35;41;19;
ME;21;13;46;45;32;
SA;8;34;32;36;46;
SA;32;20;26;40;49;
ME;41;24;29;6;33;
ME;24;2;41;38;42;
SA;39;20;48;8;33;
SA;22;40;36;3;20;
ME;8;30;33;47;6;
ME;21;31;6;12;17;
SA;3;22;15;4;33;
SA;31;27;13;29;34;
ME;12;14;38;17;28;
ME;21;6;31;1;13;
SA;23;26;16;25;33;
SA;10;39;4;20;24;
ME;23;46;15;2;20;
ME;35;2;23;21;3;
SA;17;4;24;21;27;
SA;36;14;22;2;35;
ME;8;24;38;20;34;
ME;45;44;36;33;20;
SA;6;28;33;29;43;
SA;35;29;11;9;24;
ME;8;37;34;20;39;
ME;42;6;29;13;12;
SA;47;15;37;5;11;
SA;43;13;28;7;45;
ME;12;33;45;14;15;
ME;14;10;2;42;5;
SA;20;40;38;31;37;
SA;32;40;26;12;3;
ME;15;40;3;41;34;
ME;8;3;13;40;22;
SA;17;3;10;46;35;
SA;28;4;26;22;35;
ME;31;9;33;29;46;
ME;35;41;16;22;47;
SA;14;27;49;24;47;
SA;17;15;27;48;28;
ME;25;39;49;23;11;
ME;9;32;10;22;15;
SA;30;43;6;34;46;
SA;2;29;16;22;21;
ME;36;27;1;5;8;
ME;47;3;15;40;7;
SA;10;46;34;21;35;
SA;9;2;48;43;41;
ME;22;49;19;4;41;
ME;8;32;47;36;30;
SA;26;3;39;38;2;
SA;35;12;39;31;26;
ME;8;27;36;12;49;
ME;3;16;21;22;35;
SA;21;4;20;1;48;
SA;27;2;40;3;36;
ME;6;15;48;19;32;
ME;1;15;3;31;19;
SA;13;47;4;26;23;
SA;42;25;37;28;46;
ME;14;19;2;3;40;
ME;8;16;27;29;18;
SA;10;25;48;3;33;
SA;41;49;10;44;15;
ME;39;38;44;9;11;
ME;26;12;5;21;8;
SA;36;2;26;7;17;
SA;49;23;44;36;7;
ME;44;8;33;36;34;
ME;37;28;20;7;47;
SA;42;20;28;10;24;
SA;46;39;17;13;9;
ME;20;33;5;35;26;
ME;26;7;41;44;5;
SA;16;4;30;11;24;
SA;17;46;36;3;21;
ME;36;25;18;19;21;
ME;34;39;46;19;44;
SA;34;17;45;36;42;
SA;15;3;10;30;17;
ME;9;39;38;48;12;
ME;23;46;15;34;20;
SA;6;48;41;10;34;
SA;32;44;48;9;27;
ME;31;29;33;35;12;
ME;2;17;8;27;26;
SA;10;46;12;21;8;
SA;10;42;24;28;15;
ME;14;8;35;33;38;
ME;36;35;14;49;38;
SA;36;10;4;9;19;
SA;27;37;42;26;38;
ME;18;12;49;20;25;
ME;11;6;24;36;25;
SA;23;34;13;38;30;
SA;23;27;14;36;35;
ME;16;41;24;5;26;
ME;17;4;26;46;23;
SA;10;46;35;9;40;
SA;2;22;29;21;3;
ME;38;1;15;26;28;
ME;19;43;4;30;42;
SA;46;2;29;10;20;
SA;11;15;8;41;49;
ME;34;40;37;5;30;
ME;27;32;24;13;44;
SA;10;11;44;40;45;
SA;31;33;44;34;46;
ME;31;47;10;42;26;
ME;27;20;12;5;43;
SA;38;19;30;24;42;
SA;47;29;11;44;42;
ME;21;42;49;26;13;
ME;40;5;37;13;32;
SA;19;49;43;47;42;
SA;19;46;16;11;10;
ME;39;43;22;30;6;
ME;26;44;25;33;12;
SA;6;20;5;17;39;
SA;16;47;35;21;22;
ME;42;45;34;7;24;
ME;38;49;37;36;32;
SA;7;1;38;34;27;
SA;20;4;21;48;40;
ME;39;33;49;1;45;
ME;46;20;29;41;49;
SA;23;1;36;32;28;
SA;26;6;23;20;33;
ME;26;20;17;7;47;
ME;14;46;3;35;2;
SA;39;11;3;8;6;
SA;48;2;37;36;33;
ME;29;49;9;44;25;
ME;5;24;45;32;20;
SA;10;17;32;48;37;
SA;48;20;10;13;43;
ME;39;29;31;6;10;
ME;42;49;32;4;37;
SA;39;20;30;12;33;
SA;40;30;15;47;5;
ME;15;41;8;40;36;
ME;31;44;35;19;9;
SA;4;35;17;14;20;
SA;19;16;22;29;30;
ME;5;7;10;36;49;
ME;21;46;23;44;10;
SA;17;14;43;5;31;
SA;4;39;21;2;13;
ME;25;28;24;27;45;
ME;33;8;45;34;41;
SA;26;27;2;38;16;
SA;43;22;17;32;1;
ME;19;44;22;48;8;
ME;37;25;16;17;45;
SA;17;47;10;25;13;
SA;24;9;11;26;2;
ME;38;43;2;36;25;
ME;1;48;28;12;11;
SA;27;4;48;46;23;
SA;7;14;25;43;39;
ME;42;47;3;30;15;
ME;6;36;16;21;33;
SA;33;25;30;40;10;
SA;13;25;10;18;20;
ME;45;39;18;38;16;
ME;12;38;18;27;43;
SA;2;18;40;14;27;
SA;9;16;26;3;40;
ME;44;8;32;41;43;
ME;37;10;21;17;22;
SA;33;8;18;3;30;
SA;26;3;35;14;46;
ME;31;6;7;45;15;
ME;7;45;37;20;16;
SA;2;48;26;7;4;
SA;2;5;38;32;21;
ME;33;34;48;8;14;
ME;11;47;3;28;14;
SA;17;30;24;5;35;
SA;2;35;8;49;44;
ME;46;4;36;25;31;
ME;26;33;9;8;23;
SA;31;23;29;40;15;
SA;22;48;44;25;47;
ME;30;4;8;15;49;
ME;30;29;11;21;44;
SA;40;32;17;15;34;
SA;18;12;31;26;37;
ME;11;49;15;4;41;
ME;5;44;8;31;22;
SA;49;20;13;46;4;
SA;26;15;39;12;48;
ME;45;47;15;12;22;
ME;23;10;22;28;5;
SA;2;27;49;25;3;
SA;11;4;21;49;34;
ME;3;24;6;36;2;
ME;27;43;35;13;11;
SA;34;41;9;44;48;
SA;11;30;45;36;25;
ME;28;25;33;11;12;
ME;21;46;10;38;36;
SA;13;22;42;11;40;
SA;15;22;32;49;41;
ME;46;26;8;23;38;
ME;30;3;15;33;13;
SA;4;20;27;16;9;
SA;43;4;14;26;16;
ME;31;12;7;24;43;
ME;19;49;27;3;39;
SA;36;46;32;41;43;
SA;2;30;37;22;14;
ME;43;46;30;36;13;
ME;49;9;41;24;36;
SA;39;1;26;27;21;
SA;15;34;35;4;44;
ME;15;33;34;30;42;
ME;3;20;45;8;27;
SA;44;43;13;18;45;
SA;40;21;28;41;27;
ME;31;14;35;24;44;
ME;32;23;12;16;36;
SA;16;49;22;27;19;
SA;35;37;16;33;14;
ME;15;10;26;41;34;
ME;1;31;22;7;21;
SA;35;44;38;43;6;
SA;18;39;4;15;1;
ME;37;39;28;5;46;
ME;25;19;33;2;17;
SA;38;44;2;29;7;
SA;3;17;47;4;44;
ME;8;43;20;19;1;
ME;43;22;5;2;19;
SA;13;8;32;3;36;
SA;34;10;3;15;5;
ME;16;11;23;3;8;
ME;17;10;44;5;42;
SA;46;18;12;40;21;
SA;38;41;13;9;10;
ME;45;17;9;36;10;
ME;42;20;30;28;41;
SA;28;24;35;19;44;
SA;10;29;25;35;1;
ME;8;10;4;26;9;
ME;34;9;14;30;25;
SA;48;1;47;36;2;
SA;39;10;36;41;16;
ME;23;31;11;44;5;
ME;16;25;1;3;7;
SA;1;25;14;38;24;
SA;5;31;28;16;35;
ME;26;1;15;47;23;
ME;7;4;12;25;20;
SA;32;8;7;26;19;
SA;30;40;32;46;44;
ME;31;21;37;29;15;
ME;44;13;30;24;11;
SA;17;47;34;35;16;
SA;41;14;10;47;16;
ME;4;37;38;48;41;
ME;38;22;4;47;30;
SA;17;1;46;5;25;
SA;34;18;48;38;46;
ME;3;4;13;15;11;
ME;30;8;37;9;24;
SA;42;35;43;21;18;
SA;36;22;41;9;35;
ME;30;29;23;45;11;
ME;16;2;48;27;36;
SA;23;5;17;30;28;
SA;32;30;39;10;11;
ME;11;20;28;9;35;
ME;48;20;36;11;37;
SA;48;27;13;18;31;
SA;24;9;34;26;40;
ME;20;31;6;4;39;
ME;45;11;18;47;26;
SA;3;41;29;13;44;
SA;42;41;39;13;21;
ME;8;15;48;40;30;
ME;10;46;30;29;44;
SA;28;21;24;40;30;
SA;49;12;6;46;5;
ME;43;45;12;29;46;
ME;5;20;33;9;13;
SA;26;17;32;33;44;
SA;29;45;10;15;16;
ME;18;4;47;35;9;
ME;28;49;14;36;12;
SA;8;19;27;47;31;
SA;25;19;32;30;21;
ME;21;40;48;15;18;
ME;41;25;34;30;45;
SA;13;6;43;18;27;
SA;4;21;44;6;43;
ME;3;31;15;9;34;
ME;15;49;1;8;23;
SA;4;18;1;14;23;
SA;15;13;28;5;14;
ME;45;32;34;26;31;
ME;32;34;49;46;19;
SA;22;41;25;33;38;
SA;43;6;1;14;15;
ME;34;36;46;39;10;
ME;14;30;5;45;22;
SA;39;5;15;3;34;
SA;47;36;4;39;24;
ME;1;44;18;30;39;
ME;42;35;20;28;4;
SA;35;27;43;3;30;
SA;47;48;11;37;33;
ME;2;36;16;17;24;
ME;41;49;16;43;35;
SA;47;44;30;23;2;
SA;39;22;43;2;26;
ME;11;29;44;14;21;
ME;30;45;28;49;6;
SA;4;33;40;5;10;
SA;9;3;11;35;13;
ME;36;24;16;10;23;
ME;33;42;49;45;3;
SA;38;47;44;48;3;
SA;42;15;20;48;46;
ME;45;37;32;9;40;
ME;28;38;19;36;1;
SA;40;24;39;12;36;
SA;42;47;36;45;34;
ME;7;2;26;24;32;
ME;27;31;28;38;16;
SA;33;27;8;30;7;
SA;22;47;44;33;46;
ME;49;5;36;16;14;
ME;15;42;27;44;35;
SA;42;37;33;24;36;
SA;31;49;48;26;36;
ME;13;22;3;21;11;
ME;17;40;5;31;43;
SA;14;40;25;13;49;
SA;33;5;48;27;12;
ME;22;29;34;28;48;
ME;40;7;6;32;10;
SA;13;29;23;2;8;
SA;8;31;25;34;39;
ME;10;14;23;22;42;
ME;7;36;12;10;8;
SA;3;7;2;28;37;
SA;7;34;26;17;2;
ME;11;37;28;16;46;
ME;27;9;20;7;5;
SA;32;46;30;43;44;
SA;19;40;8;26;25;
ME;41;11;49;48;10;
ME;38;32;34;23;25;
SA;8;3;49;48;29;
SA;48;5;39;21;35;
ME;19;34;16;37;41;
ME;47;20;8;28;21;
SA;34;9;4;6;24;
SA;25;11;12;44;13;
ME;4;1;16;36;19;
ME;13;31;23;42;26;
SA;47;3;14;21;6;
SA;1;13;45;29;20;
ME;45;49;43;4;39;
ME;2;5;42;49;3;
SA;20;43;21;7;13;
SA;4;42;25;17;26;
ME;43;38;17;19;14;
ME;43;20;40;16;26;
SA;31;13;23;24;8;
SA;33;9;43;8;4;
ME;37;38;29;33;9;
ME;32;49;21;14;1;
SA;4;34;20;38;11;
SA;44;15;27;7;28;
ME;37;38;24;20;32;
ME;34;22;25;45;18;
SA;16;45;2;31;38;
SA;25;20;23;21;39;
ME;20;18;8;27;16;
ME;1;6;27;26;34;
SA;48;30;34;13;45;
SA;37;21;29;40;11;
ME;20;3;29;18;5;
ME;39;1;25;19;6;
SA;20;24;47;22;25;
SA;2;37;39;23;40;
ME;33;42;36;18;16;
ME;3;27;5;8;10;
SA;15;17;24;4;25;
SA;21;41;4;10;42;
ME;9;26;14;31;46;
ME;1;23;13;16;5;
SA;16;20;10;45;26;
SA;29;20;6;21;11;
ME;39;46;16;5;1;
ME;17;49;5;1;31;
SA;4;2;8;11;5;
SA;11;3;26;35;42;
ME;12;20;37;29;33;
ME;8;12;46;18;44;
SA;19;9;29;36;43;
SA;1;22;24;25;12;
ME;11;29;18;48;10;
ME;47;15;40;43;33;
SA;14;7;28;8;19;
SA;30;33;15;29;44;
ME;31;10;41;35;38;
ME;23;29;43;11;49;
SA;7;20;35;47;5;
SA;24;4;22;16;2;
ME;24;42;28;35;9;
ME;28;39;35;12;13;
SA;16;19;12;8;21;
SA;28;4;1;13;30;
ME;18;44;5;25;28;
ME;29;17;3;20;16;
SA;19;1;47;32;24;
SA;4;13;12;49;42;
ME;9;20;49;4;32;
ME;6;42;2;20;29;
SA;33;24;32;31;7;
SA;9;18;11;19;47;
ME;29;45;5;28;6;
ME;4;28;26;23;16;
SA;8;45;44;21;25;
SA;13;27;5;32;29;
ME;14;10;48;38;7;
ME;38;2;13;39;40;
SA;39;27;43;29;35;
SA;7;12;31;26;1;
ME;22;29;30;49;20;
ME;40;44;49;7;32;
SA;34;9;5;4;18;
SA;37;30;5;2;24;
ME;47;44;40;1;25;
ME;13;46;17;29;49;
SA;41;34;46;17;22;
SA;12;20;17;33;23;
ME;24;39;31;14;16;
ME;24;37;43;9;14;
SA;20;8;29;12;7;
SA;15;21;29;16;3;
ME;28;46;48;14;9;
ME;43;11;40;17;29;
SA;41;11;38;19;1;
SA;30;49;34;10;42;
ME;42;45;17;33;23;
ME;2;22;37;36;9;
SA;48;27;10;17;41;
SA;30;33;35;34;43;
ME;10;22;35;41;39;
ME;41;26;6;5;13;
SA;3;32;4;17;37;
SA;10;19;23;14;48;
ME;16;23;48;38;41;
ME;15;34;30;39;8;
SA;11;39;1;14;36;
SA;19;17;10;16;46;
ME;8;6;14;12;22;
ME;15;5;22;3;8;
SA;5;41;12;29;2;
SA;11;37;16;34;13;
ME;44;47;3;41;13;
ME;27;4;8;18;29;
SA;11;13;41;7;25;
SA;8;1;37;36;2;
ME;16;38;41;11;7;
ME;17;27;35;36;7;
SA;32;7;3;16;29;
SA;14;16;33;24;40;
ME;45;9;46;27;36;
ME;10;18;29;37;24;
SA;36;32;9;22;39;
SA;2;41;6;36;12;
ME;3;38;36;5;23;
ME;23;26;5;32;14;
SA;24;15;11;27;14;
SA;23;4;5;21;11;
ME;25;45;15;37;18;
ME;44;37;4;19;1;
SA;27;37;17;46;45;
SA;47;3;16;15;36;
ME;34;42;41;38;40;
ME;13;6;19;20;3;
SA;26;36;45;37;18;
SA;9;14;27;2;36;
ME;5;20;4;35;46;
ME;47;45;40;36;25;
SA;3;27;1;21;13;
SA;31;2;21;18;42;
ME;19;5;41;23;43;
ME;24;35;22;31;10;
SA;31;47;49;2;15;
SA;45;41;40;32;9;
ME;35;27;42;9;8;
ME;34;40;49;38;45;
SA;6;30;38;20;21;
SA;37;28;11;8;5;
ME;40;14;47;35;32;
ME;8;12;17;26;5;
SA;27;42;16;48;39;
SA;26;25;11;16;6;
ME;17;39;32;12;42;
ME;34;31;45;42;33;
SA;10;8;40;44;48;
SA;24;25;9;47;43;
ME;39;42;16;26;46;
ME;4;34;8;21;30;
SA;3;25;15;34;27;
SA;47;29;48;1;27;
ME;35;40;15;14;33;
ME;23;36;28;16;22;
SA;27;26;23;7;38;
SA;19;12;47;1;11;
ME;4;1;31;8;6;
ME;24;48;8;38;30;
SA;14;3;26;9;23;
SA;4;31;20;36;7;
ME;38;46;33;8;1;
ME;49;23;33;44;26;
SA;35;41;23;5;22;
SA;27;13;49;18;44;
ME;41;34;18;48;6;
ME;4;35;45;13;15;
SA;4;43;40;29;38;
SA;33;21;19;13;1;
ME;4;16;11;33;41;
ME;19;8;36;24;28;
SA;36;35;15;24;19;
SA;26;18;23;40;31;
ME;39;7;41;26;16;
ME;35;25;1;11;41;
SA;28;46;42;39;31;
SA;16;11;19;6;4;
ME;2;47;39;27;37;
ME;27;39;1;35;14;
SA;37;23;35;40;48;
SA;9;13;14;28;7;
ME;46;18;25;13;45;
ME;49;33;36;43;25;
SA;3;6;31;39;44;
SA;46;32;34;31;30;
ME;37;40;22;9;42;
ME;33;32;25;11;43;
SA;8;41;20;38;24;
SA;42;32;20;10;41;
ME;15;30;45;46;18;
ME;16;22;33;8;2;
SA;25;40;39;44;33;
SA;44;27;24;10;45;
ME;4;13;9;30;19;
ME;15;1;29;34;38;
SA;47;32;15;21;33;
SA;35;26;7;38;39;
ME;17;21;12;49;38;
ME;41;15;20;43;48;
SA;17;42;19;23;43;
SA;25;45;13;7;10;
ME;2;21;45;29;43;
ME;32;35;29;27;21;
SA;34;33;26;15;24;
SA;35;5;38;25;6;
ME;20;11;7;9;40;
ME;2;44;35;49;4;
SA;45;47;2;24;35;
SA;9;27;3;30;47;
ME;43;4;25;24;26;
ME;7;41;27;8;15;
SA;8;48;6;9;47;
SA;40;28;48;45;1;
ME;14;28;30;46;40;
ME;14;12;30;17;48;
SA;14;47;26;4;39;
SA;38;4;16;7;21;
ME;25;30;31;44;41;
ME;5;44;34;42;15;
SA;45;25;48;49;4;
SA;9;19;8;30;14;
ME;26;6;35;2;1;
ME;45;23;2;38;27;
SA;36;26;47;48;3;
SA;6;37;34;45;14;
ME;1;12;7;35;23;
ME;29;6;5;38;14;
SA;6;16;47;15;20;
SA;21;34;2;44;13;
ME;35;2;33;48;30;
ME;29;10;46;18;14;
SA;14;26;28;4;9;
SA;22;26;5;7;11;
ME;19;1;10;48;18;
ME;34;43;6;37;26;
SA;11;6;10;47;22;
SA;1;42;47;29;18;
ME;47;27;19;40;44;
ME;24;1;17;39;26;
SA;37;20;39;36;28;
SA;41;49;19;15;8;
ME;37;11;21;10;35;
ME;5;25;20;27;26;
SA;46;11;40;10;42;
SA;26;1;25;9;3;
ME;46;48;1;41;49;
ME;28;6;38;31;17;
SA;26;13;27;18;10;
SA;36;37;34;47;5;
ME;15;22;41;10;11;
ME;39;15;47;38;37;
SA;37;3;24;38;19;
SA;22;48;14;7;9;
ME;20;32;28;4;3;
ME;34;36;47;14;9;
SA;2;3;1;39;41;
SA;20;23;4;14;25;
ME;30;15;25;46;35;
ME;37;25;16;3;14;
SA;39;23;24;29;45;
SA;13;31;14;39;16;
ME;30;22;6;34;40;
ME;31;41;46;35;25;
SA;30;31;36;2;9;
SA;8;49;45;10;25;
ME;19;35;29;16;25;
ME;35;6;5;10;30;
SA;21;22;43;37;19;
SA;30;43;39;26;24;
ME;42;35;1;7;49;
ME;26;22;43;1;49;
SA;38;42;2;12;37;
SA;19;3;37;47;34;
ME;32;9;22;14;24;
ME;35;23;45;40;2;
SA;34;1;11;4;10;
SA;22;31;6;1;20;
ME;17;46;19;40;35;
ME;34;19;29;36;45;
SA;32;11;47;35;36;
SA;26;11;18;13;31;
ME;10;29;32;25;26;
ME;14;34;5;12;29;
SA;44;33;15;5;27;
SA;29;6;33;36;12;
ME;29;38;10;12;45;
ME;46;8;6;32;36;
SA;2;45;44;9;15;
SA;33;43;30;45;12;
ME;1;16;38;42;29;
ME;4;44;47;22;20;
SA;37;38;33;7;27;
SA;1;46;22;9;39;
ME;5;40;2;3;7;
ME;13;9;10;4;15;
SA;20;21;40;28;19;
SA;41;27;44;46;12;
ME;43;31;6;15;11;
ME;16;41;21;34;13;
SA;21;39;19;10;17;
SA;4;6;43;46;45;
ME;3;21;35;41;43;
ME;31;18;23;32;9;
SA;46;41;38;47;43;
SA;43;24;20;35;38;
ME;7;47;14;45;8;
ME;41;34;8;7;42;
SA;23;9;44;17;5;
SA;10;20;43;26;46;
ME;38;14;2;34;22;
ME;36;13;8;15;34;
SA;26;39;7;19;8;
SA;9;23;20;11;27;
ME;48;35;42;14;36;
ME;47;2;43;12;22;
SA;17;30;27;14;16;
SA;21;29;25;20;39;
ME;26;16;24;31;38;
ME;5;27;30;45;44;
SA;18;12;23;36;44;
SA;13;16;31;25;4;
ME;3;47;43;23;14;
ME;34;32;15;22;31;
SA;40;25;46;30;39;
SA;17;18;11;16;48;
ME;1;45;36;21;48;
ME;31;14;43;25;6;
SA;9;24;16;43;30;
SA;47;44;24;29;45;
ME;4;36;42;28;41;
ME;25;6;39;45;15;
SA;43;5;20;47;34;
SA;32;3;43;20;21;
ME;21;34;29;38;13;
ME;38;43;4;44;35;
SA;14;30;48;31;13;
SA;38;20;27;48;29;
ME;36;29;21;2;24;
ME;11;32;25;33;1;
SA;26;13;22;21;36;
SA;15;31;33;5;14;
ME;7;26;29;48;16;
ME;40;13;19;45;46;
SA;4;28;30;42;43;
SA;12;44;2;37;45;
ME;27;33;43;12;5;
ME;3;44;14;38;34;
SA;5;25;15;44;38;
SA;37;20;38;36;30;
ME;28;3;49;19;48;
ME;30;37;31;6;38;
SA;49;38;14;29;5;
SA;46;26;30;34;37;
ME;19;21;37;36;3;
ME;8;22;6;26;42;
SA;38;8;35;46;18;
SA;16;44;24;39;25;
ME;34;36;44;10;18;
ME;33;27;44;45;47;
SA;7;32;43;38;21;
SA;23;18;47;39;33;
ME;21;14;37;18;43;
ME;28;13;18;19;41;
SA;25;44;7;9;37;
SA;20;3;18;24;28;
ME;35;49;17;1;37;
ME;12;5;35;43;23;
SA;44;9;5;2;10;
SA;11;30;12;32;44;
ME;47;32;48;36;44;
ME;23;47;10;45;24;
SA;34;1;29;40;22;
SA;8;2;27;48;15;
ME;45;13;8;33;7;
ME;13;40;17;32;21;
SA;12;43;20;10;26;
SA;33;25;20;39;13;
ME;39;47;16;27;44;
ME;21;43;4;3;31;
SA;12;18;46;8;28;
SA;5;8;2;42;40;
ME;28;21;19;25;15;
ME;8;19;28;21;36;
SA;29;44;32;36;31;
SA;43;45;20;29;15;
ME;18;6;40;48;12;
ME;33;38;11;14;32;
SA;38;12;26;32;6;
SA;23;32;18;21;15;
ME;42;21;8;20;45;
ME;28;3;13;4;47;
SA;13;17;3;49;43;
SA;16;38;3;43;18;
ME;5;34;16;47;30;
ME;26;11;24;32;46;
SA;43;9;36;2;22;
SA;17;11;33;32;37;
ME;30;27;38;19;13;
ME;35;19;40;37;34;
SA;48;19;21;40;49;
SA;26;48;14;39;28;
ME;49;39;23;22;9;
ME;32;18;4;19;31;
SA;23;12;22;46;16;
SA;29;28;26;38;47;
ME;2;19;5;32;11;
ME;17;25;5;41;48;
SA;46;9;10;31;32;
SA;40;16;20;6;30;
ME;30;16;19;39;34;
ME;33;32;37;9;1;
SA;39;21;43;25;40;
SA;34;15;47;3;46;
ME;26;39;13;7;28;
ME;8;47;22;14;33;
SA;15;40;26;32;29;
SA;13;9;20;28;10;
ME;41;24;34;6;8;
ME;38;33;5;16;28;
SA;8;48;6;14;13;
SA;27;17;10;18;32;
ME;31;40;29;21;30;
ME;27;4;46;14;6;
SA;19;33;48;28;49;
SA;20;23;31;22;35;
ME;48;49;17;27;28;
ME;49;48;33;47;12;
SA;7;9;40;36;24;
SA;26;38;28;20;27;
ME;7;17;34;19;27;
ME;14;7;31;10;4;
SA;28;11;43;4;3;
SA;10;34;12;27;28;
ME;6;43;27;15;22;
ME;17;7;34;9;8;
SA;8;39;41;27;33;
SA;6;13;40;30;11;
ME;12;2;31;17;48;
ME;18;7;44;49;25;
SA;38;17;35;10;48;
SA;32;27;14;2;25;
ME;18;42;23;7;14;
ME;6;34;2;12;4;
SA;7;48;40;44;45;
SA;31;32;10;38;6;
ME;40;5;17;43;29;
ME;49;23;1;7;17;
SA;33;34;5;25;6;
SA;12;40;8;29;49;
ME;10;33;18;19;13;
ME;11;36;33;6;17;
SA;5;46;26;33;35;
SA;25;1;48;20;12;
ME;8;48;3;29;23;
ME;15;13;7;20;21;
SA;22;11;42;19;43;
SA;38;41;26;33;43;
ME;44;49;27;13;23;
ME;37;31;15;24;44;
SA;37;44;27;9;10;
SA;2;1;20;49;47;
ME;23;24;26;41;40;
ME;15;42;13;17;16;
SA;39;24;44;17;11;
SA;25;2;32;18;11;
ME;10;31;7;38;28;
ME;3;42;33;31;26;
SA;49;12;17;10;26;
SA;32;11;43;25;9;
ME;38;1;34;5;10;
ME;34;8;4;44;23;
SA;5;46;37;27;33;
SA;7;38;10;20;11;
ME;32;23;7;29;10;
ME;12;37;45;28;1;
SA;8;40;10;34;24;
SA;39;3;19;30;21;
ME;3;26;35;34;1;
ME;31;16;28;36;29;
SA;12;24;38;18;2;
SA;3;20;9;19;17;
ME;10;15;20;1;7;
ME;18;1;14;42;4;
SA;35;33;38;25;47;
SA;41;5;35;42;16;
ME;33;11;41;15;14;
ME;6;46;5;38;9;
SA;37;35;39;44;10;
SA;8;13;4;10;20;
ME;10;3;26;23;27;
ME;21;13;22;34;5;
SA;10;20;1;24;23;
SA;18;35;46;44;36;
ME;18;4;30;17;21;
ME;6;36;5;13;41;
SA;21;8;47;13;16;
SA;31;48;35;43;49;
ME;34;10;36;35;18;
ME;41;39;40;11;22;
SA;7;24;12;25;15;
SA;47;46;34;11;12;
ME;48;34;45;42;7;
ME;25;27;33;13;42;
SA;46;26;36;31;29;
SA;14;26;47;15;33;
ME;15;46;28;33;23;
ME;27;29;19;42;32;
SA;2;46;28;49;35;
SA;48;44;3;18;4;
ME;38;18;28;14;10;
ME;20;9;16;19;22;
SA;23;16;12;6;37;
SA;13;25;12;40;22;
ME;3;30;18;34;38;
ME;34;30;45;43;24;
SA;17;39;22;41;9;
SA;27;9;30;24;12;
ME;4;15;19;35;3;
ME;38;43;32;49;2;
SA;37;23;42;47;10;
SA;20;22;41;6;13;
ME;24;8;45;17;27;
ME;31;4;6;46;32;
SA;42;27;39;47;11;
SA;28;37;42;17;46;
ME;41;47;10;2;48;
ME;46;9;44;14;24;
SA;44;30;1;12;10;
SA;44;29;34;37;40;
ME;40;49;34;9;23;
ME;36;7;17;43;47;
SA;15;25;3;7;40;
SA;6;10;20;17;30;
ME;9;5;47;6;16;
ME;38;1;6;4;49;
SA;38;24;48;14;13;
SA;44;45;49;29;20;
ME;40;30;34;29;26;
ME;45;5;24;35;42;
SA;1;9;23;5;31;
SA;21;4;41;26;49;
ME;42;15;49;6;4;
ME;44;2;12;14;16;
SA;34;17;13;41;40;
SA;13;35;6;42;37;
ME;41;15;37;24;46;
ME;24;48;45;7;13;
SA;18;37;25;47;17;
SA;9;32;4;6;12;
ME;27;24;19;41;5;
ME;37;13;47;26;44;
SA;45;27;32;48;33;
SA;39;36;18;14;37;
ME;15;10;5;29;48;
ME;29;2;23;22;42;
SA;7;8;34;41;19;
SA;42;33;9;37;27;
ME;48;23;34;2;21;
ME;40;49;36;44;2;
SA;46;6;14;4;31;
SA;26;16;21;49;46;
ME;35;21;42;36;3;
ME;11;26;32;4;47;
SA;9;14;11;17;30;
SA;6;44;49;46;30;
ME;21;12;17;37;27;
ME;33;27;9;21;49;
SA;11;47;13;40;45;
SA;1;8;44;39;33;
ME;42;6;19;34;16;
ME;23;40;13;7;22;
SA;27;18;11;6;2;
SA;27;36;9;46;44;
ME;1;35;32;8;33;
ME;16;40;31;20;35;
SA;12;48;22;18;19;
SA;49;26;31;28;11;
ME;1;2;39;24;20;
ME;41;12;31;28;16;
SA;45;39;34;28;48;
SA;31;36;12;26;18;
ME;26;30;27;35;47;
ME;38;20;10;19;49;
SA;15;46;42;34;8;
SA;43;17;45;14;38;
ME;19;32;40;30;35;
ME;37;48;34;40;3;
SA;38;8;42;47;1;
SA;20;25;46;34;17;
ME;45;26;29;49;1;
ME;28;15;27;26;46;
SA;49;14;29;4;15;
SA;49;37;20;44;5;
ME;10;36;37;3;15;
ME;16;12;1;5;28;
SA;22;13;39;35;6;
SA;43;6;35;27;48;
ME;11;32;16;42;49;
ME;34;12;24;33;28;
SA;26;46;47;39;40;
SA;17;37;18;42;36;
ME;5;18;43;17;10;
ME;42;20;9;23;17;
SA;13;29;1;31;37;
SA;45;12;17;46;16;
ME;42;37;19;15;28;
ME;13;48;45;2;40;
SA;15;23;21;1;13;
SA;32;20;9;12;46;
ME;24;49;6;9;38;
ME;40;1;49;37;43;
SA;24;15;11;28;6;
SA;11;23;43;31;26;
ME;20;31;30;9;4;
ME;4;18;11;46;24;
SA;25;19;18;24;48;
SA;22;16;1;2;8;
ME;25;20;12;26;14;
ME;32;14;23;22;2;
SA;7;30;28;41;15;
SA;45;40;7;2;17;
ME;5;22;38;1;29;
ME;42;24;9;20;17;
SA;14;11;43;40;32;
SA;14;18;46;35;33;
ME;16;41;40;22;13;
ME;20;13;22;19;37;
SA;26;27;20;8;18;
SA;49;43;9;28;6;
ME;40;33;12;27;5;
ME;30;44;12;29;33;
SA;16;14;7;25;21;
SA;28;26;4;14;49;
ME;46;45;44;3;10;
ME;30;28;29;31;10;
SA;15;24;44;16;45;
SA;39;49;29;9;12;
ME;6;42;20;27;1;
ME;28;47;22;11;26;
SA;47;24;9;19;36;
SA;31;46;20;16;7;
ME;17;20;36;6;42;
ME;22;4;13;5;20;
SA;8;3;17;7;18;
SA;48;21;49;3;14;
ME;33;39;36;14;44;
ME;9;39;43;4;21;
SA;29;15;20;23;39;
SA;43;42;47;15;31;
ME;39;38;33;8;42;
ME;38;16;8;29;24;
SA;48;19;41;34;14;
SA;29;42;36;12;47;
ME;16;39;21;41;24;
ME;34;31;49;27;24;
SA;49;19;20;31;9;
SA;6;49;36;13;8;
ME;36;5;26;20;4;
ME;10;5;19;6;24;
SA;48;21;25;1;15;
SA;9;15;45;37;17;
ME;14;22;49;15;12;
ME;21;42;38;17;7;
SA;4;19;12;23;37;
SA;3;2;33;49;32;
ME;38;7;47;43;41;
ME;45;37;32;29;15;
SA;11;20;44;43;22;
SA;4;36;28;20;42;
ME;26;8;36;40;5;
ME;7;22;45;16;13;
SA;45;12;14;32;46;
SA;21;28;45;16;34;
ME;34;27;30;11;5;
ME;8;14;2;1;12;
SA;1;8;28;34;45;
SA;46;2;26;37;16;
ME;23;24;39;47;9;
ME;19;46;1;8;29;
SA;15;26;28;32;30;
SA;42;35;30;2;36;
ME;7;47;48;26;9;
ME;6;24;35;11;13;
SA;13;34;11;49;45;
SA;6;47;30;10;41;
ME;43;32;29;7;19;
ME;7;22;20;13;49;
SA;21;18;40;31;45;
SA;45;1;25;30;48;
ME;38;45;31;42;21;
ME;17;6;39;11;16;
SA;42;45;47;9;18;
SA;29;33;19;46;44;
ME;19;33;6;18;16;
ME;24;7;49;19;21;
SA;9;13;47;38;16;
SA;12;48;20;25;10;
ME;12;7;23;25;32;
ME;7;3;28;22;44;
SA;13;46;29;43;45;
SA;25;4;41;2;22;
ME;2;34;16;40;8;
ME;7;38;8;11;26;
SA;10;29;22;2;35;
SA;15;9;17;34;27;
ME;40;22;32;13;19;
ME;33;31;19;9;1;
SA;25;2;44;12;13;
SA;34;38;39;45;9;
ME;38;25;12;20;43;
ME;3;9;37;19;10;
SA;25;2;10;26;23;
SA;37;13;7;31;35;
ME;14;36;13;27;17;
ME;32;34;2;7;29;
SA;40;42;45;33;28;
SA;21;30;34;2;42;
ME;35;21;37;27;43;
ME;29;36;1;2;35;
SA;35;13;26;11;5;
SA;34;42;49;1;19;
ME;34;12;20;8;13;
ME;32;12;8;34;28;
SA;46;5;40;1;47;
SA;38;1;28;8;19;
ME;5;10;8;9;11;
ME;21;5;39;32;38;
SA;38;31;5;4;20;
SA;6;8;32;27;29;
ME;39;31;9;36;22;
ME;34;19;42;49;46;
SA;25;34;1;46;6;
SA;11;48;30;13;31;
ME;47;36;45;22;39;
ME;32;18;39;22;30;
SA;14;22;35;46;23;
SA;23;38;44;48;47;
ME;8;42;44;32;22;
ME;35;10;31;23;6;
SA;39;31;15;5;34;
SA;22;13;38;7;46;
ME;11;39;4;34;16;
ME;12;38;17;16;18;
SA;12;29;2;16;4;
SA;12;44;24;37;20;
ME;44;13;32;16;49;
ME;36;25;10;26;41;
SA;33;3;20;41;11;
SA;46;34;11;20;16;
ME;15;27;6;33;26;
ME;15;31;11;7;27;
SA;34;15;8;18;22;
SA;12;24;30;1;38;
ME;27;9;36;22;46;
ME;4;13;12;47;35;
SA;15;10;2;8;13;
SA;16;25;19;9;4;
ME;36;24;33;38;15;
ME;15;38;29;18;43;
SA;10;2;1;4;9;
SA;48;25;40;13;24;
ME;23;32;19;16;26;
ME;47;35;21;30;49;
SA;10;8;42;3;46;
SA;2;47;39;13;36;
ME;43;48;38;14;49;
ME;14;17;27;16;37;
SA;31;33;26;40;3;
SA;12;34;39;17;40;
ME;39;18;42;11;8;
ME;26;21;45;25;6;
SA;8;21;25;48;34;
SA;22;30;38;15;25;
ME;34;49;9;17;22;
ME;16;3;1;33;10;
SA;32;29;49;23;45;
SA;10;39;1;37;40;
ME;18;4;37;42;46;
ME;43;29;45;6;32;
SA;39;20;11;23;3;
SA;3;49;17;43;11;
ME;16;2;24;4;45;
ME;6;46;4;19;8;
SA;35;47;31;42;4;
SA;47;21;23;7;37;
ME;2;39;23;38;17;
ME;44;12;37;31;24;
SA;9;7;3;31;4;
SA;41;4;46;31;32;
ME;2;45;12;43;38;
ME;33;18;14;10;7;
SA;47;19;4;10;30;
SA;48;14;5;45;6;
ME;14;10;26;21;19;
ME;25;5;46;22;21;
SA;18;24;7;41;27;
SA;23;40;33;10;14;
ME;34;44;4;43;45;
ME;5;32;19;45;34;
SA;29;1;27;45;17;
SA;46;3;17;44;25;
ME;35;26;18;14;17;
ME;13;26;48;41;30;
SA;20;29;31;48;17;
SA;42;12;3;45;26;
ME;21;10;44;7;5;
ME;8;12;48;19;2;
SA;3;19;27;16;24;
SA;9;34;13;25;7;
ME;9;16;34;17;36;
ME;5;39;7;28;18;
SA;17;40;28;37;44;
SA;37;24;44;35;46;
ME;40;1;36;41;28;
ME;8;7;37;34;44;
SA;31;36;38;22;2;
SA;13;21;36;23;16;
ME;49;20;35;16;47;
ME;48;1;5;9;24;
SA;16;14;11;40;27;
SA;26;21;45;24;2;
ME;5;35;44;17;37;
ME;28;2;19;43;41;
SA;42;17;34;14;48;
SA;45;9;41;6;39;
ME;35;36;19;28;7;
ME;8;37;49;29;24;
SA;19;1;25;20;22;
SA;38;39;26;41;45;
ME;36;25;31;29;32;
ME;23;21;7;11;31;
SA;24;16;27;1;37;
SA;41;27;9;8;32;
ME;33;47;16;42;37;
ME;35;4;5;49;3;
SA;28;36;31;34;7;
SA;4;6;10;39;31;
ME;6;44;9;45;37;
ME;5;45;34;31;28;
SA;1;27;18;26;16;
SA;34;41;11;44;5;
ME;19;32;40;20;37;
ME;31;24;22;46;35;
SA;8;25;36;12;22;
SA;5;10;9;30;42;
ME;11;28;32;40;38;
ME;45;9;25;29;47;
SA;6;2;27;46;10;
SA;37;32;28;6;26;
ME;34;1;45;39;35;
ME;15;35;6;4;11;
SA;35;24;3;38;23;
SA;44;36;30;24;23;
ME;8;17;26;35;44;
ME;43;12;4;9;18;
SA;37;2;36;28;33;
SA;1;30;21;12;20;
ME;17;38;1;48;23;
ME;19;14;26;16;22;
SA;6;20;27;39;4;
SA;41;38;36;30;27;
ME;5;49;12;22;10;
ME;44;32;33;42;43;
SA;48;14;23;38;39;
SA;27;49;22;3;18;
ME;1;26;10;41;30;
ME;39;19;45;30;35;
SA;39;16;17;37;27;
SA;38;40;24;35;48;
ME;37;10;31;13;32;
ME;12;6;35;42;34;
SA;46;37;47;22;6;
SA;22;30;48;13;20;
ME;46;47;15;30;43;
ME;34;35;13;23;12;
SA;45;49;44;9;16;
SA;15;25;2;48;38;
ME;15;7;31;11;27;
ME;48;39;19;47;23;
SA;2;43;20;27;3;
SA;32;31;16;36;30;
ME;31;48;23;15;37;
ME;30;35;27;39;8;
SA;36;34;7;29;31;
SA;25;36;4;1;47;
ME;18;19;36;13;6;
ME;15;9;24;25;36;
SA;21;19;24;27;2;
SA;46;6;25;32;7;
ME;32;3;49;22;29;
ME;34;39;37;36;19;
SA;27;34;10;37;45;
SA;6;43;45;41;10;
ME;18;6;27;38;49;
ME;15;7;13;20;24;
SA;46;23;1;36;15;
SA;30;10;32;49;42;
ME;4;6;19;13;30;
ME;23;40;20;9;19;
SA;10;20;39;2;5;
SA;35;15;23;6;20;
ME;7;44;2;17;15;
ME;14;2;6;37;1;
SA;37;3;43;47;23;
SA;9;10;41;29;3;
ME;40;48;17;29;23;
ME;25;9;21;13;29;
SA;39;31;41;36;22;
SA;40;41;16;44;3;
ME;29;49;23;16;22;
ME;49;12;17;47;46;
SA;46;21;44;6;38;
SA;34;39;9;27;35;
ME;19;36;4;5;23;
ME;44;4;26;3;9;
SA;16;49;25;20;14;
SA;30;27;23;11;35;
ME;38;37;45;21;31;
ME;14;43;49;12;5;
SA;32;27;9;4;22;
SA;4;11;12;10;41;
ME;27;16;30;36;10;
ME;36;3;1;23;8;
SA;4;18;20;15;47;
SA;46;16;23;27;14;
ME;26;31;27;29;43;
ME;20;32;1;22;35;
SA;5;30;33;21;3;
SA;11;49;48;15;6;
ME;11;39;2;48;3;
ME;18;36;46;28;5;
SA;30;32;10;41;8;
SA;4;18;30;19;45;
ME;14;33;21;3;8;
ME;19;17;32;28;23;
SA;34;21;35;5;47;
SA;11;41;45;8;37;
ME;5;49;44;9;13;
ME;6;25;16;21;38;
SA;8;40;16;46;23;
SA;23;11;36;32;42;
ME;31;39;42;30;4;
ME;23;2;27;18;48;
SA;38;43;12;37;22;
SA;21;27;1;8;33;
ME;12;48;18;23;42;
ME;34;38;10;2;24;
SA;36;2;12;17;7;
SA;29;49;33;28;10;
ME;30;41;49;23;24;
ME;4;7;18;15;44;
SA;34;39;30;8;42;
SA;9;14;30;20;26;
ME;6;49;10;46;33;
ME;48;41;49;43;42;
SA;31;43;26;15;6;
SA;33;27;13;30;14;
ME;20;29;27;48;10;
ME;12;20;24;29;48;
SA;39;10;43;47;2;
SA;19;17;20;2;26;
ME;35;9;29;40;38;
ME;45;48;41;29;32;
SA;11;42;15;34;13;
SA;35;2;24;27;5;
ME;16;2;43;42;9;
ME;40;33;47;23;16;
SA;18;8;17;41;21;
SA;20;33;42;44;1;
ME;14;30;20;46;31;
ME;31;8;24;45;36;
SA;32;12;7;10;34;
SA;49;35;48;9;44;
ME;3;13;16;46;23;
ME;20;3;42;23;2;
SA;39;22;29;3;33;
SA;28;47;16;49;29;
ME;31;29;4;15;47;
ME;40;34;36;6;42;
SA;32;14;27;22;12;
SA;2;37;46;42;27;
ME;26;28;42;9;40;
ME;11;1;6;27;14;
SA;35;26;46;24;22;
SA;25;34;36;1;4;
ME;1;25;11;24;41;
ME;21;15;12;36;41;
SA;49;18;23;31;14;
SA;16;35;28;25;18;
ME;39;11;12;10;5;
ME;6;46;32;20;8;
SA;28;11;40;18;48;
SA;28;35;46;1;22;
ME;46;23;38;48;19;
ME;4;27;23;3;48;
SA;23;42;20;46;11;
SA;43;14;26;7;17;
ME;32;16;9;10;34;
ME;33;45;48;40;36;
SA;15;11;38;9;49;
SA;43;19;15;32;1;
ME;29;33;43;27;44;
ME;47;1;39;37;5;
SA;10;2;18;48;42;
SA;11;32;46;28;1;
ME;20;33;46;17;1;
ME;49;36;25;18;44;
SA;12;32;16;14;45;
SA;11;40;6;39;30;
ME;32;43;49;15;36;
ME;18;21;27;1;37;
SA;3;46;45;28;18;
SA;22;23;42;43;28;
ME;22;25;19;11;20;
ME;27;2;48;47;35;
SA;45;29;19;26;9;
SA;45;19;34;26;16;
ME;30;35;1;44;49;
ME;35;23;43;37;17;
SA;1;13;6;33;22;
SA;18;22;29;49;21;
ME;31;26;10;15;37;
ME;3;31;13;39;44;
SA;35;15;47;49;9;
SA;30;19;39;31;8;
ME;36;28;21;24;7;
ME;1;35;41;40;9;
SA;35;41;32;11;33;
SA;41;34;20;8;48;
ME;7;34;27;47;2;
ME;21;24;29;4;44;
SA;38;32;18;42;35;
SA;21;18;19;49;44;
ME;13;2;21;22;18;
ME;22;23;1;31;4;
SA;15;11;34;23;33;
SA;9;48;1;15;44;
ME;3;17;15;30;10;
ME;1;31;46;2;14;
SA;3;31;27;23;49;
SA;46;2;5;15;16;
ME;22;45;14;46;32;
ME;45;11;25;31;14;
SA;35;25;39;46;38;
SA;36;9;17;16;25;
ME;10;31;12;8;48;
ME;7;2;46;34;3;
SA;27;20;22;2;47;
SA;16;44;31;38;14;
ME;43;28;20;30;26;
ME;27;1;3;23;33;
SA;41;16;22;8;24;
SA;37;23;1;30;34;
ME;15;16;10;23;30;
ME;17;32;24;48;26;
SA;6;23;7;28;24;
SA;3;31;34;4;26;
ME;20;29;34;36;16;
ME;17;33;5;46;8;
SA;29;21;45;20;13;
SA;43;28;37;19;42;
ME;45;41;34;19;8;
ME;18;38;19;22;23;
SA;42;36;13;30;5;
SA;29;27;17;11;18;
ME;24;48;44;12;39;
ME;9;42;40;31;44;
SA;45;33;24;17;10;
SA;18;46;48;32;30;
ME;44;30;47;9;11;
ME;43;8;13;16;1;
SA;37;16;24;32;13;
SA;16;12;14;4;5;
ME;2;38;22;46;33;
ME;12;19;23;15;37;
SA;24;34;35;27;42;
SA;28;9;13;18;42;
ME;35;40;4;33;29;
ME;13;45;32;46;8;
SA;48;9;7;35;23;
SA;39;23;48;2;9;
ME;10;26;31;34;41;
ME;34;31;20;22;14;
SA;14;49;17;16;48;
SA;5;24;19;18;45;
ME;14;42;4;47;29;
ME;19;25;41;23;16;
SA;23;19;11;41;40;
SA;6;3;20;41;26;
ME;10;9;13;19;34;
ME;7;2;1;20;37;
SA;45;49;30;37;11;
SA;47;18;12;33;34;
ME;41;44;27;37;29;
ME;41;6;18;13;17;
SA;2;45;49;22;3;
SA;40;9;43;7;6;
ME;33;2;28;8;14;
ME;40;5;36;35;30;
SA;15;43;22;19;23;
SA;47;34;49;42;35;
ME;8;1;16;26;45;
ME;9;38;39;34;49;
SA;27;24;5;33;29;
SA;34;49;7;19;38;
ME;14;28;17;46;34;
ME;4;49;27;41;18;
SA;23;13;36;17;37;
SA;7;8;10;27;46;
ME;30;10;27;1;3;
ME;44;16;9;45;7;
SA;44;36;45;28;37;
SA;29;2;11;6;12;
ME;25;30;1;44;23;
ME;41;4;47;44;42;
SA;10;37;22;29;46;
SA;40;43;9;2;1;
ME;45;41;2;9;12;
ME;10;44;20;47;13;
SA;19;40;6;46;34;
SA;36;44;32;34;17;
ME;37;3;24;41;40;
ME;39;8;35;44;33;
SA;44;24;4;14;38;
SA;2;17;8;9;34;
ME;22;20;10;4;25;
ME;31;12;30;22;28;
SA;22;3;38;21;49;
SA;30;29;24;13;2;
ME;17;47;2;21;33;
ME;28;37;1;22;13;
SA;48;41;44;29;4;
SA;2;4;25;9;23;
ME;38;24;39;16;17;
ME;34;39;15;25;37;
SA;39;42;5;3;33;
SA;45;18;42;7;34;
ME;39;7;47;10;30;
ME;37;3;31;25;43;
SA;35;44;49;12;36;
SA;4;34;23;26;21;
ME;13;41;15;34;46;
ME;17;15;24;41;20;
SA;10;15;23;40;47;
SA;9;6;27;13;28;
ME;34;14;6;30;11;
ME;42;39;17;4;33;
SA;49;31;26;48;13;
SA;46;36;8;7;15;
ME;5;39;32;49;34;
ME;35;21;49;14;40;
SA;5;32;13;21;37;
SA;24;10;18;47;41;
ME;42;46;21;31;2;
ME;46;30;19;45;41;
SA;11;48;21;26;17;
SA;1;15;39;19;30;
ME;39;34;35;30;45;
ME;27;28;36;48;8;
SA;4;30;44;15;34;
SA;25;6;38;49;29;
ME;9;14;13;33;30;
ME;10;42;31;35;20;
SA;10;47;4;1;18;
SA;18;48;44;6;28;
ME;32;19;43;20;34;
ME;46;30;12;5;42;
SA;41;24;13;22;42;
SA;46;47;24;17;45;
ME;7;33;15;37;34;
ME;48;14;36;21;46;
SA;8;4;47;44;6;
SA;23;1;24;31;44;
ME;42;20;29;43;31;
ME;24;44;41;47;15;
SA;47;36;32;44;26;
SA;44;31;35;18;37;
ME;32;12;1;17;26;
ME;36;27;47;35;39;
SA;7;46;30;37;47;
SA;26;43;45;4;10;
ME;6;44;28;19;21;
ME;46;33;3;11;43;
SA;11;15;32;47;24;
SA;4;13;38;43;31;
ME;36;25;41;39;24;
ME;12;30;2;47;48;
SA;47;45;26;17;43;
SA;45;15;18;44;14;
ME;5;33;23;36;27;
ME;21;31;4;48;42;
SA;16;6;44;4;33;
SA;48;24;18;11;42;
ME;5;27;7;28;32;
ME;42;24;3;18;28;
SA;11;33;3;43;9;
SA;11;12;17;29;30;
ME;37;1;10;5;44;
ME;30;17;2;12;39;
SA;43;12;8;3;7;
SA;21;17;48;4;39;
ME;22;33;40;18;23;
ME;3;8;29;31;18;
SA;31;44;3;9;34;
SA;22;15;7;17;18;
ME;14;10;49;19;5;
ME;41;38;20;49;40;
SA;45;21;48;25;33;
SA;28;41;22;33;49;
ME;9;47;4;7;44;
ME;12;16;6;7;41;
SA;12;7;32;9;3;
SA;45;43;37;28;44;
ME;4;22;48;15;11;
ME;19;12;25;48;47;
SA;18;23;9;4;28;
SA;14;28;37;16;7;
ME;40;5;1;10;49;
ME;22;39;25;10;41;
SA;43;8;14;12;7;
SA;42;16;7;46;30;
ME;25;22;7;4;26;
ME;7;29;36;30;18;
SA;23;31;36;14;35;
SA;29;31;40;21;44;
ME;6;47;42;11;3;
ME;15;22;13;21;27;
SA;35;28;27;39;30;
SA;43;35;49;12;2;
ME;15;26;19;47;27;
ME;45;25;11;39;38;
SA;23;8;49;11;47;
SA;37;14;36;41;1;
ME;8;41;43;33;44;
ME;28;21;27;6;31;
SA;30;38;39;19;37;
SA;19;45;37;9;2;
ME;45;43;35;2;12;
ME;34;4;27;49;6;
SA;28;40;22;2;37;
SA;11;48;45;35;46;
ME;24;20;12;5;7;
ME;45;46;1;32;9;
SA;1;19;31;43;4;
SA;48;45;21;43;16;
ME;49;14;21;4;24;
ME;4;1;49;23;26;
SA;40;42;6;35;19;
SA;31;48;33;4;5;
ME;14;30;37;13;49;
ME;6;31;47;44;40;
SA;19;45;2;25;10;
SA;1;41;2;25;48;
ME;49;2;19;34;29;
ME;36;35;20;8;24;
SA;11;35;20;49;23;
SA;11;38;12;31;4;
ME;33;9;40;23;1;
ME;36;10;21;29;47;
SA;38;36;7;45;12;
SA;17;29;3;39;12;
ME;20;24;29;21;15;
ME;32;43;8;25;35;
SA;2;24;23;6;1;
SA;27;17;10;49;5;
ME;33;3;31;25;34;
ME;12;23;48;3;38;
SA;12;28;23;26;49;
SA;3;32;1;13;16;
ME;7;23;12;38;39;
ME;28;21;18;14;7;
SA;33;26;42;13;6;
SA;47;2;15;5;11;
ME;32;35;2;36;44;
ME;10;26;12;9;30;
SA;49;27;21;34;5;
SA;42;29;20;33;30;
ME;38;5;39;20;42;
ME;49;35;39;25;46;
SA;45;12;7;33;23;
SA;45;27;2;3;21;
ME;30;38;2;12;1;
ME;3;11;13;22;28;
SA;10;5;11;2;15;
SA;45;22;49;48;12;
ME;30;37;17;25;46;
ME;6;8;14;31;20;
SA;12;9;11;35;7;
SA;33;26;15;35;22;
ME;1;8;42;3;45;
ME;3;30;13;37;43;
SA;10;24;18;17;4;
SA;3;49;9;23;48;
ME;33;25;49;31;48;
ME;42;6;40;45;7;
SA;15;47;41;38;6;
SA;3;47;36;26;39;
ME;11;18;6;7;28;
ME;26;9;4;19;11;
SA;7;1;40;5;2;
SA;7;17;44;25;47;
ME;47;7;20;9;23;
ME;8;48;6;12;15;
SA;10;1;31;34;14;
SA;41;11;46;34;26;
ME;17;4;20;44;49;
ME;21;46;33;15;7;
SA;15;33;35;9;19;
SA;44;5;33;1;39;
ME;11;31;1;47;32;
ME;15;24;47;38;28;
SA;31;14;32;7;11;
SA;31;20;40;30;3;
ME;40;28;22;30;29;
ME;23;4;41;12;26;
SA;7;18;31;28;10;
SA;40;45;32;47;16;
ME;47;24;34;48;21;
ME;20;9;37;39;6;
SA;49;9;15;37;36;
SA;20;10;2;41;26;
ME;34;20;27;13;5;
ME;36;40;20;19;28;
SA;7;8;34;38;29;
SA;25;7;11;27;24;
ME;48;44;42;28;1;
ME;16;17;8;29;14;
SA;28;6;34;22;20;
SA;3;48;7;15;23;
ME;27;22;14;24;37;
ME;3;29;19;27;30;
SA;38;19;32;31;15;
SA;32;23;24;37;3;
ME;20;26;6;21;34;
ME;42;5;22;39;46;
SA;46;9;2;22;5;
SA;30;47;37;35;36;
ME;42;19;10;16;8;
ME;26;20;14;33;23;
SA;34;20;35;40;30;
SA;2;40;19;8;45;
ME;46;37;31;36;15;
ME;3;5;37;39;46;
SA;11;24;49;6;38;
SA;18;20;46;14;27;
ME;18;9;14;49;12;
ME;17;5;22;3;35;
SA;6;39;35;17;36;
SA;44;42;19;16;22;
ME;29;22;38;2;37;
ME;23;20;4;40;2;
SA;4;48;13;36;47;
SA;26;18;25;5;46;
ME;38;40;37;1;10;
ME;44;22;46;19;14;
SA;7;5;20;43;21;
SA;45;1;10;23;11;
ME;22;32;47;26;37;
ME;1;20;29;47;44;
SA;40;43;2;27;39;
SA;25;37;44;35;42;
ME;11;17;45;4;26;
ME;46;34;47;19;35;
SA;49;24;47;22;23;
SA;43;13;4;2;23;
ME;30;41;12;28;19;
ME;37;26;36;16;35;
SA;4;41;29;19;18;
SA;20;27;21;31;42;
ME;19;9;6;15;24;
ME;5;15;35;47;42;
SA;16;32;9;13;3;
SA;21;12;15;30;16;
ME;33;7;12;42;27;
ME;9;4;16;12;38;
SA;26;37;18;34;28;
SA;20;15;21;26;9;
ME;29;32;39;23;30;
ME;39;34;33;32;21;
SA;40;14;30;39;37;
SA;7;35;44;29;20;
ME;10;17;28;16;9;
ME;5;11;49;22;41;
SA;18;42;28;13;31;
SA;24;38;10;5;23;
ME;26;4;39;25;9;
ME;43;25;47;41;10;
SA;14;17;8;28;19;
SA;16;14;15;1;40;
ME;31;12;11;41;9;
ME;1;28;7;11;48;
SA;38;14;13;48;42;
SA;22;25;39;24;5;
ME;14;36;31;47;23;
ME;48;45;49;6;13;
SA;38;25;17;34;12;
SA;30;19;34;3;32;
ME;6;23;33;1;4;
ME;40;21;6;26;15;
SA;21;26;30;24;44;
SA;26;34;3;16;30;
ME;38;17;1;35;16;
ME;23;20;44;5;32;
SA;31;19;36;6;15;
SA;24;36;12;40;30;
ME;16;12;13;11;29;
ME;35;3;38;32;23;
SA;39;27;43;16;45;
SA;19;33;3;35;37;
ME;39;9;36;20;1;
ME;4;29;20;10;32;
SA;3;10;45;20;27;
SA;34;7;9;22;10;
ME;12;3;27;11;13;
ME;20;12;4;38;39;
SA;27;41;6;34;39;
SA;36;42;20;9;47;
ME;21;45;38;20;15;
ME;11;32;39;16;23;
SA;19;15;33;16;7;
SA;1;33;41;8;39;
ME;40;1;38;2;47;
ME;32;42;38;3;34;
SA;35;4;29;18;1;
SA;14;9;1;49;30;
ME;34;4;46;36;3;
ME;3;22;13;45;25;
SA;19;48;34;21;15;
SA;15;42;37;30;47;
ME;8;22;11;6;49;
ME;6;42;13;49;43;
SA;25;14;41;35;23;
SA;15;44;16;38;3;
ME;19;28;33;3;10;
ME;45;30;22;10;28;
SA;16;27;2;42;32;
SA;14;28;25;2;12;
ME;15;33;18;23;13;
ME;23;43;42;21;25;
SA;15;18;30;21;39;
SA;1;18;48;7;21;
ME;13;16;38;42;46;
ME;22;42;20;28;7;
SA;48;23;24;31;20;
SA;25;49;11;19;46;
ME;24;14;21;42;15;
ME;37;40;5;44;35;
SA;28;6;1;2;4;
SA;20;36;10;18;26;
ME;16;34;11;24;26;
ME;11;34;15;30;29;
SA;44;9;5;46;12;
SA;2;5;27;49;45;
ME;15;24;38;40;21;
ME;35;21;45;11;5;
SA;35;18;44;24;2;
SA;15;6;34;30;39;
ME;17;16;4;9;38;
ME;12;46;13;25;24;
SA;24;19;9;41;1;
SA;37;13;6;4;42;
ME;5;37;49;17;8;
ME;15;37;12;4;24;
SA;15;30;33;21;6;
SA;14;16;17;20;47;
ME;8;42;39;34;24;
ME;46;42;37;30;14;
SA;15;10;29;25;30;
SA;37;42;45;22;24;
ME;43;17;46;42;38;
ME;16;40;42;12;30;
SA;3;1;43;38;9;
SA;42;22;12;8;34;
ME;18;31;23;36;25;
ME;18;36;13;12;7;
SA;12;3;27;37;33;
SA;41;27;24;32;49;
ME;26;15;11;8;47;
ME;8;17;7;22;29;
SA;35;47;28;30;4;
SA;34;41;13;23;26;
ME;36;16;15;26;4;
ME;38;39;9;5;45;
SA;36;37;44;16;41;
SA;10;37;45;46;48;
ME;16;24;32;26;44;
ME;8;2;48;29;10;
SA;12;37;36;22;5;
SA;22;12;16;2;29;
ME;2;45;11;47;36;
ME;36;31;38;11;16;
SA;32;26;28;10;42;
SA;6;16;43;23;22;
ME;27;19;40;9;22;
ME;26;44;21;47;4;
SA;46;48;31;25;38;
SA;28;12;3;9;49;
ME;10;22;36;26;38;
ME;46;13;42;40;25;
SA;2;46;18;20;39;
SA;2;49;5;23;38;
ME;25;36;32;47;26;
ME;18;21;10;48;42;
SA;16;31;27;30;22;
SA;35;44;19;32;5;
ME;1;27;29;49;46;
ME;33;36;48;7;8;
SA;23;31;5;9;20;
SA;34;24;12;32;36;
ME;43;16;12;15;49;
ME;3;16;6;22;1;
SA;37;40;49;4;30;
SA;26;12;43;22;35;
ME;24;49;14;12;47;
ME;34;45;3;26;14;
SA;39;21;29;28;40;
SA;12;49;28;38;11;
ME;25;30;47;10;26;
ME;16;43;45;4;42;
SA;27;16;7;39;29;
SA;46;49;26;17;41;
ME;41;19;29;8;3;
ME;36;2;32;38;44;
SA;19;40;14;4;20;
SA;48;34;17;49;45;
ME;16;31;14;29;28;
ME;22;46;3;1;41;
SA;24;40;8;27;21;
SA;33;19;34;37;48;
ME;29;21;10;33;7;
ME;15;41;1;39;8;
SA;46;41;10;17;30;
SA;14;4;26;32;40;
ME;9;48;45;43;28;
ME;33;36;17;28;29;
SA;10;2;1;9;31;
SA;25;29;36;42;22;
ME;45;7;21;20;14;
ME;28;13;10;25;33;
SA;33;47;8;20;15;
SA;12;32;34;4;6;
ME;25;42;35;46;49;
ME;47;25;19;11;10;
SA;48;9;4;18;2;
SA;26;11;46;29;36;
ME;25;33;23;43;20;
ME;9;3;41;31;22;
SA;15;42;10;5;3;
SA;1;18;44;9;22;
ME;24;41;5;33;22;
ME;3;43;8;2;11;
SA;15;24;48;1;42;
SA;24;18;41;25;10;
ME;32;4;11;6;1;
ME;37;42;8;25;7;
SA;31;35;28;14;47;
SA;22;8;3;42;23;
ME;46;2;14;23;35;
ME;42;30;26;15;41;
SA;20;23;24;40;47;
SA;2;4;14;30;16;
ME;41;21;34;32;13;
ME;38;25;40;17;41;
SA;1;23;25;2;4;
SA;19;13;39;27;42;
ME;16;31;39;3;5;
ME;8;49;18;42;17;
SA;6;24;21;37;30;
SA;44;29;15;26;34;
ME;21;38;30;43;24;
ME;43;45;31;30;39;
SA;13;23;49;15;21;
SA;17;35;16;5;22;
ME;28;35;13;19;43;
ME;3;32;1;35;19;
SA;13;46;49;38;37;
SA;4;42;30;2;43;
ME;33;16;43;27;12;
ME;26;34;22;14;27;
SA;16;20;32;14;25;
SA;1;10;2;38;11;
ME;13;8;4;32;28;
ME;10;34;36;22;3;
SA;36;10;9;27;19;
SA;3;43;23;14;9;
ME;11;40;30;28;5;
ME;29;32;38;19;6;
SA;22;38;46;16;5;
SA;3;27;17;13;45;
ME;36;3;48;33;47;
ME;17;38;5;14;25;
SA;40;17;7;26;44;
SA;46;15;42;29;12;
ME;41;31;30;13;45;
ME;49;11;30;26;42;
SA;20;32;41;7;23;
SA;48;45;12;9;29;
ME;43;42;18;27;28;
ME;15;49;19;22;35;
SA;5;31;28;48;13;
SA;20;43;15;12;6;
ME;35;22;2;7;6;
ME;46;13;19;49;30;
SA;43;45;46;15;29;
SA;28;23;26;5;34;
ME;16;5;20;38;21;
ME;28;21;29;23;30;
SA;10;18;37;47;40;
SA;9;6;26;29;27;
ME;33;43;12;41;45;
ME;16;12;3;13;39;
SA;10;37;16;44;22;
SA;37;47;39;25;49;
ME;46;29;30;28;13;
ME;9;40;25;11;14;
SA;19;10;11;29;31;
SA;11;22;43;33;14;
ME;23;13;49;8;30;
ME;4;45;44;10;8;
SA;32;41;1;28;36;
SA;21;11;9;10;33;
ME;34;27;18;46;35;
ME;24;5;33;38;43;
SA;28;1;30;29;10;
SA;13;29;48;25;21;
ME;44;31;36;43;6;
ME;24;15;23;47;48;
SA;39;22;49;14;34;
SA;3;24;41;7;13;
ME;23;35;26;39;7;
ME;22;36;43;7;41;
SA;40;44;26;18;13;
SA;5;42;32;14;39;
ME;22;1;7;33;16;
ME;1;37;49;39;27;
SA;30;6;39;21;42;
SA;45;38;36;20;43;
ME;34;19;4;32;7;
ME;9;18;38;30;27;
SA;17;7;13;36;49;
SA;11;39;36;40;4;
ME;41;15;14;42;13;
ME;42;38;26;36;31;
SA;22;17;12;4;44;
SA;39;33;8;1;4;
ME;41;15;31;19;32;
ME;18;1;35;36;21;
SA;28;2;16;39;9;
SA;31;48;42;34;5;
ME;24;22;32;23;9;
ME;28;15;39;35;12;
SA;39;16;3;23;18;
SA;41;5;21;29;46;
ME;19;15;5;31;43;
ME;44;7;14;17;15;
SA;5;27;34;9;3;
SA;9;46;49;25;29;
ME;29;13;46;25;32;
ME;27;1;20;43;5;
SA;39;4;30;7;42;
SA;30;46;45;3;18;
ME;6;9;27;34;1;
ME;44;31;35;30;25;
SA;33;31;10;39;11;
SA;1;42;7;27;11;
ME;18;23;47;42;16;
ME;11;37;42;19;46;
SA;34;9;26;1;20;
SA;49;8;28;15;35;
ME;40;39;22;35;43;
ME;14;27;9;46;35;
SA;39;33;20;37;25;
SA;40;21;22;26;47;
ME;18;14;30;24;4;
ME;27;49;18;5;23;
SA;47;32;41;35;17;
SA;32;47;35;25;39;
ME;49;37;41;24;20;
ME;10;38;25;32;15;
SA;31;3;33;29;19;
SA;13;37;35;26;42;
ME;24;5;30;43;47;
ME;30;15;31;9;48;
SA;49;23;16;13;4;
SA;14;45;25;44;7;
ME;3;17;6;37;29;
ME;37;27;14;34;47;
SA;36;11;21;41;39;
SA;45;32;19;43;2;
ME;39;46;18;45;40;
ME;34;14;40;4;16;
SA;33;7;17;16;27;
SA;3;31;9;18;37;
ME;18;21;36;1;34;
ME;36;5;21;2;3;
SA;43;32;35;7;5;
SA;14;27;21;34;46;
ME;35;30;3;17;27;
ME;29;9;38;12;23;
SA;40;28;1;30;10;
SA;35;6;3;22;31;
ME;36;44;13;3;41;
ME;41;17;20;23;12;
SA;2;44;21;25;19;
SA;9;35;13;12;29;
ME;10;48;46;36;22;
ME;34;39;14;46;4;
SA;20;48;6;17;49;
SA;20;7;31;1;13;
ME;41;22;17;1;37;
ME;44;8;14;34;27;
SA;25;43;3;37;41;
SA;16;5;27;20;34;
ME;45;31;9;24;16;
ME;2;29;28;18;22;
SA;25;4;41;29;26;
SA;36;18;32;45;35;
ME;41;31;13;34;8;
ME;6;28;15;46;9;
SA;6;5;26;38;42;
SA;5;33;8;46;18;
ME;45;1;44;3;38;
ME;37;16;36;43;3;
SA;16;1;11;6;39;
SA;20;11;1;13;41;
ME;20;33;40;29;14;
ME;35;19;48;16;39;
SA;37;2;10;1;12;
SA;18;11;33;42;19;
ME;4;33;32;35;10;
ME;13;40;25;11;7;
SA;39;6;24;7;31;
SA;3;42;11;40;13;
ME;29;4;15;34;39;
ME;4;1;42;21;15;
SA;16;32;9;39;4;
SA;27;3;39;13;1;
ME;42;6;46;15;34;
ME;8;36;44;7;25;
SA;44;23;26;1;22;
SA;35;39;33;15;5;
ME;46;45;11;18;30;
ME;1;40;3;43;6;
SA;34;9;36;47;24;
SA;8;15;12;1;21;
ME;23;30;21;1;9;
ME;2;22;29;37;47;
SA;43;39;13;22;30;
SA;37;25;3;43;12;
ME;33;37;8;7;2;
ME;28;31;36;3;19;
SA;48;24;28;6;1;
SA;7;1;48;44;22;
ME;40;11;45;26;44;
ME;34;29;37;38;41;
SA;34;14;35;36;49;
SA;35;21;33;27;2;
ME;46;45;48;9;27;
ME;43;32;48;29;45;
SA;5;40;14;1;21;
SA;12;33;20;26;35;
ME;36;35;49;41;16;
ME;40;4;48;18;30;
SA;21;27;17;10;42;
SA;4;15;26;14;7;
ME;34;32;28;1;40;
ME;20;26;23;38;34;
SA;18;30;1;12;7;
SA;17;7;31;39;20;
ME;19;43;1;48;6;
ME;2;35;43;29;12;
SA;19;39;20;35;18;
SA;49;38;42;8;30;
ME;39;33;2;46;49;
ME;31;40;37;41;49;
SA;11;18;15;4;31;
SA;22;42;17;11;45;
ME;20;13;48;24;41;
ME;39;20;33;29;38;
SA;44;20;16;27;7;
SA;2;31;20;38;21;
ME;34;11;31;27;22;
ME;39;27;34;3;36;
SA;38;20;39;27;41;
SA;46;42;24;47;25;
ME;44;22;6;41;20;
ME;43;46;32;7;19;
SA;49;8;3;31;30;
SA;13;15;18;28;22;
ME;18;43;17;12;4;
ME;22;20;14;1;27;
SA;40;15;19;32;26;
SA;33;14;16;21;43;
ME;32;45;8;31;22;
ME;30;40;11;29;17;
SA;2;4;8;28;35;
SA;20;10;4;16;37;
ME;20;42;22;4;18;
ME;32;45;23;9;26;
SA;37;31;47;34;2;
SA;25;49;13;48;15;
ME;33;21;43;19;40;
ME;41;28;4;45;16;
SA;44;29;20;16;48;
SA;25;28;42;8;47;
ME;42;41;22;21;29;
ME;4;37;47;28;14;
SA;21;39;22;15;19;
SA;49;12;13;16;4;
ME;7;13;35;24;9;
ME;38;20;27;43;35;
SA;10;8;27;19;36;
SA;15;32;39;23;48;
ME;1;37;11;40;16;
ME;37;48;12;9;13;
SA;40;41;33;21;49;
SA;37;34;31;40;23;
ME;29;8;26;27;41;
ME;5;4;2;38;40;
SA;21;38;42;24;7;
SA;36;35;43;30;5;
ME;33;34;19;7;49;
ME;27;13;48;7;33;
SA;45;7;28;14;36;
SA;13;9;46;5;41;
ME;32;7;16;17;3;
ME;47;10;19;20;24;
SA;27;25;28;30;24;
SA;45;3;37;16;13;
ME;25;47;7;32;16;
ME;19;27;30;31;4;
SA;22;38;24;40;37;
SA;10;17;26;47;28;
ME;39;28;17;8;41;
ME;34;46;42;37;8;
SA;12;35;7;30;47;
SA;11;39;24;14;45;
ME;3;21;4;36;26;
ME;45;8;14;7;26;
SA;26;32;14;5;29;
SA;45;43;3;30;21;
ME;32;40;43;47;24;
ME;29;14;45;8;37;
SA;28;13;17;29;7;
SA;20;45;33;40;22;
ME;1;31;35;20;48;
ME;11;40;45;14;42;
SA;37;26;28;16;31;
SA;20;35;36;25;4;
ME;26;31;35;49;14;
ME;14;16;15;40;25;
SA;33;23;15;18;43;
SA;25;39;2;3;48;
ME;13;44;25;36;32;
ME;27;26;9;23;43;
SA;17;24;21;41;32;
SA;25;28;21;23;46;
ME;22;43;42;30;33;
ME;41;28;37;18;35;
SA;8;3;26;7;13;
SA;11;42;33;23;30;
ME;42;46;44;36;6;
ME;32;17;5;16;27;
SA;25;11;19;5;1;
SA;2;45;44;30;11;
ME;14;40;30;28;46;
ME;46;27;4;13;30;
SA;24;2;21;27;16;
SA;25;21;3;28;27;
ME;3;40;45;21;34;
ME;33;40;22;37;36;
SA;12;45;19;39;31;
SA;49;43;6;30;48;
ME;10;41;17;49;31;
ME;46;32;7;31;25;
SA;46;32;25;12;40;
SA;6;34;19;28;11;
ME;26;37;4;47;18;
ME;20;1;34;45;28;
SA;44;13;18;7;38;
SA;39;20;16;26;24;
ME;31;20;3;25;11;
ME;2;45;12;7;10;
SA;27;36;11;10;43;
SA;16;25;48;14;15;
ME;32;46;34;49;1;
ME;17;49;38;39;27;
SA;22;19;25;31;39;
SA;27;42;48;2;34;
ME;34;44;3;33;15;
ME;8;30;43;34;19;
SA;41;16;26;10;17;
SA;49;21;28;4;37;
ME;28;43;42;40;33;
ME;21;11;23;46;25;
SA;42;48;16;12;45;
SA;30;34;21;40;3;
ME;41;17;23;12;44;
ME;41;34;28;47;19;
SA;39;20;9;45;36;
SA;48;35;30;42;41;
ME;35;3;8;12;32;
ME;9;7;14;41;44;
SA;40;37;31;43;1;
SA;6;16;25;17;49;
ME;38;1;42;6;15;
ME;47;6;46;20;11;
SA;14;11;31;37;20;
SA;35;4;22;40;12;
ME;16;23;3;32;4;
ME;28;36;40;10;19;
SA;30;34;20;8;12;
SA;39;4;5;43;41;
ME;49;36;30;33;11;
ME;40;39;21;47;11;
SA;39;45;48;13;3;
SA;4;13;7;42;36;
ME;11;19;14;16;46;
ME;20;25;43;8;37;
SA;28;6;13;42;47;
SA;16;17;8;26;23;
ME;46;49;25;30;37;
ME;32;44;45;38;9;
SA;45;32;11;21;1;
SA;41;47;36;5;17;
ME;40;48;31;5;34;
ME;37;27;33;32;49;
SA;2;27;4;15;39;
SA;41;12;34;25;36;
ME;27;25;6;40;18;
ME;9;32;26;47;1;
SA;23;21;4;41;42;
SA;31;16;28;13;14;
ME;34;16;40;46;11;
ME;45;25;18;12;13;
SA;25;26;46;9;1;
SA;5;42;1;44;21;
ME;34;10;44;18;47;
ME;49;36;17;43;37;
SA;11;10;30;16;25;
SA;39;44;28;23;25;
ME;39;20;3;32;4;
ME;14;24;18;35;30;
SA;43;10;33;6;41;
SA;43;7;10;46;26;
ME;14;2;24;43;27;
ME;7;22;4;1;8;
SA;32;4;30;26;29;
SA;9;18;43;40;17;
ME;6;49;39;27;40;
ME;39;1;25;46;21;
SA;46;25;33;47;31;
SA;41;7;22;31;15;
ME;26;18;21;24;17;
ME;19;43;13;10;18;
SA;41;25;7;13;20;
SA;16;35;34;7;19;
ME;4;38;29;15;27;
ME;33;38;42;37;27;
SA;31;10;36;13;44;
SA;3;44;14;25;10;
ME;1;20;25;6;11;
ME;27;29;49;7;10;
SA;21;16;23;41;43;
SA;45;10;28;19;8;
ME;28;43;20;29;30;
ME;6;47;13;44;7;
SA;5;36;13;40;6;
SA;38;42;45;35;20;
ME;10;47;48;14;11;
ME;27;13;30;48;24;
SA;5;33;7;39;31;
SA;19;7;3;49;39;
ME;41;25;11;27;4;
ME;6;34;29;3;14;
SA;8;28;10;49;42;
SA;31;19;21;20;6;
ME;5;14;42;19;40;
ME;23;3;22;35;21;
SA;35;21;4;11;38;
SA;15;6;14;20;10;
ME;17;29;46;45;6;
ME;1;38;2;24;13;
SA;10;5;48;39;11;
SA;39;17;46;43;8;
ME;24;32;18;36;27;
ME;36;48;43;2;16;
SA;39;43;30;38;5;
SA;12;19;27;38;43;
ME;31;20;37;19;11;
ME;22;33;14;9;47;
SA;42;18;32;46;7;
SA;31;7;1;48;2;
ME;18;17;31;13;14;
ME;30;12;9;16;49;
SA;30;29;38;48;5;
SA;8;15;22;23;26;
ME;11;46;45;32;2;
ME;20;5;18;48;17;
SA;4;48;31;10;35;
SA;2;12;43;47;45;
ME;11;41;39;28;38;
ME;12;18;13;31;1;
SA;34;44;36;46;12;
SA;47;5;31;38;39;
ME;42;28;17;4;1;
ME;31;49;26;15;11;
SA;42;47;19;4;8;
SA;22;49;35;1;13;
ME;8;7;5;39;38;
ME;7;20;34;25;26;
SA;49;34;17;18;44;
SA;46;15;30;43;22;
ME;39;49;33;23;9;
ME;28;2;18;47;32;
SA;5;21;18;29;42;
SA;4;41;15;47;35;
ME;46;11;26;6;32;
ME;44;43;46;23;28;
SA;44;34;26;48;3;
SA;29;23;28;39;24;
ME;38;12;15;47;44;
ME;36;10;16;20;48;
SA;19;32;24;1;49;
SA;11;4;30;22;12;
ME;14;15;36;29;39;
ME;37;26;46;21;8;
SA;20;41;31;42;13;
SA;12;4;21;39;31;
ME;32;8;15;5;9;
ME;13;24;31;23;17;
SA;33;12;49;4;18;
SA;13;1;8;2;23;
ME;40;21;32;18;4;
ME;43;9;48;30;46;
SA;9;35;18;6;8;
SA;21;32;27;47;2;
ME;37;30;13;35;36;
ME;1;41;13;14;10;
SA;28;23;26;49;29;
SA;17;21;15;3;6;
ME;10;32;16;36;39;
ME;9;37;43;1;20;
SA;43;34;12;9;42;
SA;45;37;24;27;20;
ME;12;47;37;20;42;
ME;7;6;12;17;34;
SA;38;41;45;47;44;
SA;19;40;2;24;27;
ME;13;31;10;28;34;
ME;6;4;32;47;45;
SA;30;10;36;26;17;
SA;13;48;28;45;21;
ME;32;20;7;13;18;
ME;48;25;15;46;4;
SA;36;11;23;26;46;
SA;28;35;2;45;26;
ME;43;1;34;35;32;
ME;5;8;16;4;46;
SA;21;14;26;9;38;
SA;16;44;36;13;27;
ME;14;21;8;19;30;
ME;17;34;16;37;11;
SA;48;23;16;40;25;
SA;35;7;3;22;6;
ME;37;42;10;41;43;
ME;47;30;33;40;2;
SA;45;42;36;32;39;
SA;25;22;27;38;2;
ME;4;15;43;10;21;
ME;12;8;38;22;45;
SA;14;36;32;8;18;
SA;8;37;28;31;22;
ME;41;13;39;14;47;
ME;41;22;32;18;4;
SA;13;44;22;46;3;
SA;49;20;12;42;28;
ME;48;43;37;22;20;
ME;27;36;33;15;29;
SA;11;49;34;28;24;
SA;25;2;4;22;5;
ME;32;35;20;29;8;
ME;44;30;37;31;45;
SA;38;27;49;6;2;
SA;2;4;40;17;7;
ME;25;27;42;4;39;
ME;15;28;5;36;30;
SA;12;28;39;29;11;
SA;16;34;22;39;8;
ME;45;25;1;16;37;
ME;18;19;36;20;25;
SA;5;20;7;4;22;
SA;27;32;12;15;20;
ME;40;6;38;45;28;
ME;16;35;38;47;28;
SA;2;5;42;25;9;
SA;38;23;7;43;48;
ME;3;15;24;37;23;
ME;21;40;6;33;13;
SA;3;45;35;48;33;
SA;9;29;40;16;1;
ME;48;29;41;39;15;
ME;2;12;33;6;24;
SA;12;37;4;24;1;
SA;44;34;21;45;6;
ME;33;39;3;24;38;
ME;3;8;22;23;31;
SA;21;25;38;5;16;
SA;16;31;49;41;44;
ME;32;23;19;24;10;
ME;24;9;41;21;10;
SA;3;49;31;41;15;
SA;6;10;15;24;4;
ME;9;43;17;45;25;
ME;35;6;29;31;12;
SA;32;5;12;18;49;
SA;22;32;13;31;14;
ME;27;22;20;40;42;
ME;37;29;33;16;41;
SA;27;43;49;44;18;
SA;14;19;47;2;40;
ME;12;46;22;7;40;
ME;6;32;30;42;41;
SA;42;7;29;44;17;
SA;23;4;15;29;13;
ME;11;6;25;13;46;
ME;17;14;35;5;41;
SA;22;23;35;39;38;
SA;15;14;39;9;34;
ME;23;3;24;25;4;
ME;16;7;42;26;43;
SA;43;16;23;41;33;
SA;48;46;14;10;36;
ME;20;38;37;26;2;
ME;19;33;40;47;36;
SA;7;6;21;27;44;
SA;10;36;1;18;27;
ME;35;14;3;7;24;
ME;17;37;46;33;16;
SA;1;24;11;21;27;
SA;48;1;21;35;46;
ME;13;26;24;47;39;
ME;37;10;7;14;48;
SA;38;19;5;39;32;
SA;23;40;42;13;41;
ME;44;22;24;18;15;
ME;29;41;34;33;5;
SA;43;1;18;14;24;
SA;43;12;41;27;11;
ME;42;35;10;3;6;
ME;26;17;4;8;12;
SA;35;37;31;39;19;
SA;30;21;42;37;34;
ME;39;48;34;19;23;
ME;2;26;38;46;16;
SA;30;10;20;31;3;
SA;20;21;44;46;5;
ME;47;35;49;33;13;
ME;18;41;25;1;13;
SA;36;10;38;24;27;
SA;36;48;21;23;22;
ME;31;39;19;5;43;
ME;22;12;29;41;7;
SA;4;27;14;10;42;
SA;2;49;39;41;45;
ME;32;44;41;17;22;
ME;32;42;17;13;45;
SA;36;5;48;13;49;
SA;26;38;4;15;42;
ME;5;31;7;36;18;
ME;47;39;18;40;34;
SA;23;7;5;48;46;
SA;30;18;24;19;28;
ME;19;5;41;25;27;
ME;22;15;45;11;6;
SA;11;16;3;46;1;
SA;32;44;40;24;25;
ME;11;46;36;35;26;
ME;42;44;39;41;6;
SA;44;40;10;22;27;
SA;15;32;46;40;2;
ME;44;27;24;15;14;
ME;43;40;23;2;5;
SA;49;45;14;34;2;
SA;24;13;9;47;10;
ME;19;14;2;32;1;
ME;47;17;27;39;29;
SA;25;26;38;12;24;
SA;1;7;18;6;39;
ME;29;11;7;17;39;
ME;14;22;19;41;21;
SA;49;8;26;31;37;
SA;26;24;49;27;15;
ME;28;42;9;33;22;
ME;25;22;43;8;34;
SA;32;7;37;16;19;
SA;24;1;47;30;16;
ME;39;7;5;36;48;
ME;8;24;4;22;25;
SA;19;24;12;4;29;
SA;17;2;36;43;40;
ME;41;22;16;19;27;
ME;41;5;20;48;16;
SA;4;32;10;44;15;
SA;16;13;6;2;19;
ME;5;1;43;47;39;
ME;16;4;34;44;48;
SA;13;23;37;3;44;
SA;12;35;7;37;10;
ME;42;24;37;1;8;
ME;3;20;23;47;30;
SA;48;10;36;43;49;
SA;29;8;31;15;34;
ME;47;33;20;44;19;
ME;32;28;14;29;16;
SA;19;47;23;10;41;
SA;24;13;6;39;20;
ME;13;27;41;2;42;
ME;40;4;34;23;44;
SA;9;29;44;14;17;
SA;23;49;21;43;5;
ME;6;41;46;4;30;
ME;32;19;31;25;5;
SA;6;25;26;34;36;
SA;33;7;10;48;22;
ME;43;7;27;42;28;
ME;12;49;48;22;28;
SA;5;34;13;29;1;
SA;47;1;6;45;16;
ME;44;8;46;16;17;
ME;4;45;30;7;34;
SA;10;17;16;1;27;
SA;6;24;12;19;43;
ME;32;34;11;40;19;
ME;21;47;40;26;41;
SA;25;27;48;3;1;
SA;38;21;12;40;24;
ME;22;13;46;6;39;
ME;3;16;33;19;31;
SA;11;46;30;38;25;
SA;13;32;30;14;5;
ME;27;43;36;30;19;
ME;5;30;1;44;36;
SA;48;2;43;8;18;
SA;11;2;42;12;39;
ME;41;27;7;1;4;
ME;37;34;38;15;16;
SA;10;28;12;25;43;
SA;19;14;10;12;9;
ME;12;7;18;6;39;
ME;7;48;31;26;32;
SA;35;49;20;13;36;
SA;13;23;14;11;35;
ME;9;31;10;48;18;
ME;39;49;37;40;9;
SA;42;47;45;49;30;
SA;32;30;16;27;20;
ME;42;5;33;13;19;
ME;19;14;29;16;6;
SA;7;28;40;41;4;
SA;48;6;7;38;13;
ME;19;27;37;26;10;
ME;10;29;34;37;16;
SA;43;5;47;18;44;
SA;44;48;35;43;8;
ME;41;7;17;48;4;
ME;16;37;47;5;43;
SA;25;23;36;9;48;
SA;47;20;9;29;21;
ME;38;21;49;44;34;
ME;44;21;15;49;13;
SA;33;24;16;46;21;
SA;15;19;24;44;35;
ME;32;48;6;38;36;
ME;39;43;11;29;45;
SA;23;2;28;6;14;
SA;22;15;30;47;19;
ME;16;18;45;4;23;
ME;29;39;43;4;41;
SA;44;34;43;31;17;
SA;49;10;21;6;1;
ME;34;33;44;41;36;
ME;4;42;30;45;41;
SA;27;11;42;48;18;
SA;31;4;38;37;18;
ME;16;38;19;30;4;
ME;11;49;36;15;9;
SA;49;38;25;17;8;
SA;24;36;1;9;17;
ME;9;19;38;18;36;
ME;22;2;16;13;9;
SA;40;42;24;32;23;
SA;40;41;2;49;12;
ME;27;2;33;15;7;
ME;15;38;25;16;1;
SA;2;41;31;46;20;
SA;6;35;37;48;29;
ME;13;36;31;48;4;
ME;13;22;32;34;14;
SA;21;34;41;31;49;
SA;4;46;44;48;16;
ME;19;4;22;41;18;
ME;15;32;49;1;11;
SA;48;8;13;20;18;
SA;17;38;13;8;2;
ME;46;48;36;40;18;
ME;1;33;46;43;13;
SA;7;9;18;16;43;
SA;31;9;46;41;13;
ME;44;9;49;28;11;
ME;8;39;34;6;47;
SA;14;25;33;44;27;
SA;48;19;2;16;49;
ME;8;24;39;41;4;
ME;38;10;32;27;17;
SA;14;37;21;27;38;
SA;49;29;5;33;39;
ME;39;15;22;12;24;
ME;37;28;20;47;7;
SA;37;39;43;24;23;
SA;40;19;14;33;12;
ME;7;16;38;3;2;
ME;23;47;5;6;27;
SA;14;47;31;9;38;
SA;6;13;43;21;28;
ME;46;8;37;31;38;
ME;12;33;32;9;4;
SA;31;35;48;12;44;
SA;20;6;9;41;45;
ME;4;7;26;31;21;
ME;14;15;39;45;20;
SA;46;10;49;14;24;
SA;38;28;27;34;17;
ME;16;8;47;10;31;
ME;17;39;21;28;26;
SA;46;15;20;1;33;
SA;42;27;19;1;31;
ME;26;1;6;5;43;
ME;22;13;19;41;42;
SA;4;26;15;48;9;
SA;2;9;22;49;31;
ME;19;11;1;46;15;
ME;47;12;1;30;37;
SA;12;21;13;11;18;
SA;13;46;25;31;17;
ME;34;29;8;15;48;
ME;48;6;5;34;13;
SA;18;23;2;24;38;
SA;38;2;19;44;41;
ME;25;49;12;18;15;
ME;45;43;18;19;49;
SA;23;30;13;7;38;
SA;4;6;17;27;42;
ME;43;41;20;22;38;
ME;9;13;32;26;29;
SA;1;28;46;18;36;
SA;49;26;36;9;24;
ME;20;30;48;25;36;
ME;46;23;15;48;25;
SA;31;38;36;23;4;
SA;24;19;18;32;41;
ME;45;1;37;33;12;
ME;45;21;3;13;15;
SA;34;7;2;21;18;
SA;42;29;30;35;38;
ME;10;13;24;49;30;
ME;16;42;22;3;49;
SA;45;13;10;30;27;
SA;18;19;27;42;35;
ME;47;32;39;33;2;
ME;28;31;22;18;34;
SA;19;12;15;17;36;
SA;48;16;12;46;22;
ME;17;8;22;7;38;
ME;37;20;34;15;12;
SA;32;20;31;14;3;
SA;26;30;18;11;48;
ME;35;28;5;18;19;
ME;36;1;8;9;44;
SA;3;36;7;24;49;
SA;17;23;16;18;42;
ME;39;17;10;34;33;
ME;4;33;9;39;35;
SA;9;37;38;29;2;
SA;9;40;29;8;7;
ME;18;5;41;49;3;
ME;47;7;5;24;12;
SA;1;20;18;44;38;
SA;44;26;48;40;15;
ME;39;41;7;15;46;
ME;37;28;12;19;46;
SA;45;9;26;6;13;
SA;26;13;46;11;47;
ME;20;48;7;6;24;
ME;11;29;23;28;42;
SA;49;29;19;41;6;
SA;32;16;35;31;1;
ME;28;10;27;26;46;
ME;27;43;36;35;3;
SA;15;25;2;11;19;
SA;21;37;47;8;41;
ME;10;9;25;33;12;
ME;13;42;6;3;41;
SA;12;36;26;21;11;
SA;21;17;15;5;13;
ME;11;38;19;3;31;
ME;43;37;13;8;45;
SA;9;36;10;1;33;
SA;49;40;28;17;32;
ME;6;2;26;8;20;
ME;16;42;9;45;28;
SA;33;32;36;21;27;
SA;49;30;47;3;27;
ME;1;39;23;11;44;
ME;26;4;24;5;48;
SA;33;45;1;20;34;
SA;39;17;28;46;38;
ME;10;33;12;34;4;
ME;30;12;48;34;4;
SA;6;13;35;43;31;
SA;17;21;19;16;7;
ME;26;5;32;2;6;
ME;26;4;11;21;43;
SA;25;7;4;48;6;
SA;39;29;23;13;12;
ME;12;17;32;1;7;
ME;28;36;16;31;29;
SA;1;36;46;13;43;
SA;3;45;31;15;32;
ME;4;36;15;11;13;
ME;13;43;42;45;44;
SA;31;13;47;24;6;
SA;47;27;17;6;34;
ME;33;25;49;27;34;
ME;45;2;40;16;22;
SA;15;32;7;16;39;
SA;49;1;19;18;47;
ME;42;21;35;41;48;
ME;42;1;32;47;41;
SA;46;25;21;8;13;
SA;44;47;5;35;20;
ME;23;32;46;35;6;
ME;32;39;38;43;44;
SA;20;45;49;26;37;
SA;7;20;26;39;28;
ME;10;32;7;33;24;
ME;38;19;37;44;9;
SA;22;36;5;2;38;
SA;44;41;15;33;45;
ME;13;1;30;47;3;
ME;39;22;38;10;36;
SA;29;39;32;28;27;
SA;38;12;43;31;24;
ME;42;43;21;23;8;
ME;49;14;25;15;19;
SA;49;4;13;6;2;
SA;7;11;17;30;1;
ME;1;4;24;25;22;
ME;34;24;41;3;18;
SA;26;14;23;18;43;
SA;19;43;6;5;1;
ME;45;10;11;28;22;
ME;23;4;36;19;29;
SA;24;26;23;41;36;
SA;43;3;14;11;6;
ME;22;16;20;1;4;
ME;15;39;6;16;29;
SA;45;42;19;12;25;
SA;42;30;25;35;10;
ME;39;24;19;46;6;
ME;18;13;35;19;45;
SA;43;10;47;19;44;
SA;29;3;5;13;8;
ME;27;41;40;43;44;
ME;12;13;14;35;36;
SA;44;9;23;29;19;
SA;27;43;32;24;48;
ME;4;8;26;14;38;
ME;27;32;26;6;39;
SA;38;39;33;30;17;
SA;25;11;22;2;28;
ME;12;39;21;45;32;
ME;7;27;6;38;33;
SA;8;43;40;12;2;
SA;10;49;27;33;36;
ME;45;4;24;43;37;
ME;15;32;12;21;2;
SA;17;20;47;29;39;
SA;49;23;6;24;17;
ME;13;33;5;46;21;
ME;23;1;37;34;42;
SA;38;15;40;46;19;
SA;35;43;40;27;32;
ME;2;21;25;9;5;
ME;14;44;3;11;40;
SA;23;20;36;46;14;
SA;19;8;2;27;21;
ME;2;8;24;10;26;
ME;19;12;13;41;40;
SA;3;45;35;18;49;
SA;49;43;41;7;38;
ME;11;35;8;14;20;
ME;24;22;40;25;42;
SA;9;39;17;29;47;
SA;33;2;4;36;3;
ME;49;41;24;33;46;
ME;23;7;9;27;26;
SA;35;26;33;11;49;
SA;6;4;20;39;31;
ME;30;40;45;10;22;
ME;40;45;35;21;5;
SA;21;38;33;14;49;
SA;49;6;18;44;40;
ME;14;38;6;43;20;
ME;46;19;24;3;48;
SA;9;17;19;36;13;
SA;42;38;11;10;14;
ME;13;22;43;16;15;
ME;2;33;14;1;34;
SA;46;15;27;28;25;
SA;6;13;35;24;20;
ME;39;9;27;15;26;
ME;18;49;14;23;38;
SA;49;4;47;9;45;
SA;18;39;29;9;7;
ME;43;48;32;11;13;
ME;18;29;4;15;42;
SA;45;32;13;18;43;
SA;31;44;2;41;49;
ME;46;9;14;1;35;
ME;30;46;3;7;39;
SA;39;40;15;9;27;
SA;43;10;29;1;27;
ME;41;9;31;11;10;
ME;5;47;39;44;23;
SA;15;13;27;12;11;
SA;5;44;45;7;17;
ME;44;22;1;7;24;
ME;4;10;7;38;11;
SA;29;37;25;33;13;
SA;49;36;18;17;32;
ME;32;34;29;43;45;
ME;30;35;9;44;19;
SA;10;31;47;38;14;
SA;14;32;36;11;7;
ME;40;10;49;47;15;
ME;1;42;22;23;43;
SA;38;1;7;5;49;
SA;47;36;46;32;37;
ME;29;19;8;44;23;
ME;1;38;12;7;14;
SA;37;30;27;18;49;
SA;21;3;47;35;17;
ME;39;46;44;12;22;
ME;15;17;3;1;2;
SA;4;28;40;46;10;
SA;9;7;44;48;20;
ME;8;35;39;14;20;
ME;12;49;45;30;24;
SA;44;30;9;17;41;
SA;27;47;20;31;8;
ME;8;14;34;49;6;
ME;9;46;10;26;18;
SA;7;46;35;22;48;
SA;27;48;17;4;20;
ME;3;24;34;45;44;
ME;44;21;4;8;45;
SA;8;26;9;35;5;
SA;3;4;26;19;43;
ME;48;3;49;20;7;
ME;31;25;8;19;44;
SA;44;13;42;26;38;
SA;23;42;45;30;33;
ME;34;35;23;43;24;
ME;20;49;9;40;32;
SA;35;36;29;31;37;
SA;10;23;34;40;48;
ME;46;7;45;9;38;
ME;43;12;9;2;10;
SA;40;20;25;49;45;
SA;45;32;4;8;3;
ME;37;25;35;32;8;
ME;37;34;28;36;48;
SA;5;2;42;20;27;
SA;15;47;42;11;13;
ME;22;20;11;28;44;
ME;34;14;11;36;26;
SA;16;31;2;4;28;
SA;22;24;21;47;40;
ME;23;17;16;48;12;
ME;6;40;32;13;38;
SA;2;40;16;46;8;
SA;39;42;22;37;9;
ME;29;34;25;15;14;
ME;14;31;27;45;35;
SA;34;40;48;44;28;
SA;10;47;33;39;42;
ME;18;33;39;44;4;
ME;6;47;11;34;42;
SA;19;15;2;45;49;
SA;3;30;9;46;19;
ME;30;18;47;14;31;
ME;37;6;5;1;46;
SA;36;18;17;16;20;
SA;33;39;1;42;8;
ME;2;39;35;3;6;
ME;23;3;16;47;35;
SA;43;36;6;49;31;
SA;28;6;22;19;20;
ME;40;45;4;23;8;
ME;2;27;12;43;28;
SA;21;47;1;28;6;
SA;21;39;22;6;44;
ME;17;40;21;34;27;
ME;11;16;49;22;21;
SA;9;8;34;36;15;
SA;1;31;20;30;11;
ME;15;37;26;11;20;
ME;6;40;46;27;21;
SA;25;6;34;16;7;
SA;29;45;15;7;33;
ME;27;30;16;37;49;
ME;47;45;43;4;27;
SA;41;14;38;29;4;
SA;1;27;10;22;13;
ME;19;13;37;38;17;
ME;36;45;25;12;42;
SA;9;48;31;43;34;
SA;39;30;23;14;16;
ME;4;30;12;9;23;
ME;35;4;15;30;46;
SA;42;40;16;25;28;
SA;47;39;45;12;37;
ME;11;37;35;7;33;
ME;28;15;23;7;19;
SA;5;49;14;26;38;
SA;23;40;36;5;32;
ME;17;7;22;3;39;
ME;13;44;22;40;11;
SA;25;18;42;39;32;
SA;19;10;40;3;22;
ME;49;14;13;18;4;
ME;19;27;30;17;12;
SA;42;38;30;6;46;
SA;8;25;49;21;5;
ME;40;43;38;28;19;
ME;8;41;2;14;11;
SA;20;3;23;39;18;
SA;3;33;15;43;47;
ME;34;30;42;20;35;
ME;31;12;49;23;43;
SA;12;36;29;16;37;
SA;7;26;47;27;16;
ME;36;30;32;47;28;
ME;11;2;37;25;18;
SA;9;28;18;13;30;
SA;19;7;25;20;4;
ME;14;39;6;41;16;
ME;27;44;23;32;31;
SA;8;17;25;45;23;
SA;10;6;48;42;8;
ME;17;14;32;33;16;
ME;44;19;36;5;49;
SA;25;48;15;20;47;
SA;39;43;12;34;8;
ME;46;42;33;41;7;
ME;24;31;18;39;20;
SA;27;16;2;5;10;
SA;14;40;45;48;5;
ME;49;21;36;40;28;
ME;33;40;3;1;6;
SA;26;29;43;7;34;
SA;26;38;49;48;7;
ME;3;11;21;48;16;
ME;48;2;17;13;31;
SA;15;13;30;12;7;
SA;49;43;28;41;5;
ME;24;22;6;25;31;
ME;23;11;47;49;30;
SA;17;33;40;35;12;
SA;3;36;13;44;42;
ME;9;44;38;7;21;
ME;27;5;29;34;16;
SA;36;9;8;37;17;
SA;31;16;40;22;14;
ME;38;47;9;1;12;
ME;43;35;26;31;3;
SA;46;44;36;40;1;
SA;40;7;22;1;38;
ME;34;29;39;7;28;
ME;11;1;18;25;24;
SA;19;26;37;32;33;
SA;18;49;29;23;8;
ME;7;3;1;13;39;
ME;39;35;36;17;25;
SA;47;3;29;4;8;
SA;10;3;2;29;26;
ME;48;23;36;16;6;
ME;2;46;47;43;10;
SA;41;22;6;23;1;
SA;28;2;7;20;46;
ME;7;6;20;3;14;
ME;49;6;3;48;22;
SA;45;36;10;19;48;
SA;47;28;14;33;31;
ME;1;25;3;43;10;
ME;3;9;6;28;44;
SA;18;14;19;5;23;
SA;8;4;41;9;26;
ME;44;13;30;19;5;
ME;3;30;23;41;19;
SA;27;26;2;34;41;
SA;21;44;39;6;11;
ME;24;27;30;46;42;
ME;48;28;23;40;44;
SA;9;12;30;28;35;
SA;44;35;14;10;30;
ME;14;10;32;26;23;
ME;47;46;24;17;28;
SA;39;32;24;4;41;
SA;35;36;17;28;47;
ME;28;21;29;5;32;
ME;47;40;24;48;5;
SA;41;42;43;44;38;
SA;48;30;8;37;27;
ME;27;46;6;15;19;
ME;35;18;40;7;6;
SA;7;21;28;44;47;
SA;20;12;4;2;27;
ME;22;31;36;16;6;
ME;26;19;1;23;18;
SA;16;36;27;49;33;
SA;41;45;23;42;20;
ME;41;49;23;6;8;
ME;24;34;6;29;45;
SA;7;31;11;34;33;
SA;2;43;35;17;28;
ME;41;27;35;20;44;
ME;34;17;48;28;41;
SA;4;44;10;24;33;
SA;36;29;7;23;20;
ME;49;28;37;17;41;
ME;23;49;45;31;11;
SA;4;33;15;27;44;
SA;45;12;24;7;26;
ME;46;18;47;35;23;
ME;47;19;4;29;48;
SA;11;18;39;17;33;
SA;40;37;10;31;12;
ME;36;21;24;23;44;
ME;24;36;44;3;23;
SA;23;42;47;8;41;
SA;17;29;32;4;16;
ME;28;22;27;49;19;
ME;12;13;18;1;20;
SA;9;26;37;41;44;
SA;1;6;31;32;46;
ME;26;12;1;22;40;
ME;48;1;45;33;30;
SA;12;38;45;11;6;
SA;8;26;13;44;17;
ME;18;1;8;9;3;
ME;28;23;2;27;35;
SA;3;40;35;14;26;
SA;49;48;11;30;7;
ME;8;26;45;31;6;
ME;5;6;37;41;33;
SA;32;38;9;26;35;
SA;5;17;40;20;37;
ME;24;43;11;16;48;
ME;14;16;11;44;7;
SA;17;6;35;36;1;
SA;49;6;47;34;23;
ME;31;10;47;36;34;
ME;8;10;30;2;22;
SA;17;25;41;7;27;
SA;39;11;12;42;4;
ME;43;1;34;47;42;
ME;34;15;37;7;35;
SA;33;46;18;13;39;
SA;25;15;32;43;22;
ME;17;11;27;26;36;
ME;36;40;37;16;1;
SA;7;22;2;46;15;
SA;36;12;28;11;41;
ME;43;15;33;3;32;
ME;43;36;8;17;7;
SA;42;45;23;32;12;
SA;46;28;2;25;45;
ME;14;29;34;13;4;
ME;1;31;13;44;40;
SA;22;43;31;18;4;
SA;39;46;8;17;10;
ME;41;29;35;48;7;
ME;44;42;29;48;5;
SA;48;15;22;47;11;
SA;5;20;8;46;7;
ME;41;2;26;12;11;
ME;14;10;20;41;31;
SA;11;23;6;35;17;
SA;8;23;40;10;19;
ME;43;30;5;36;24;
ME;7;6;40;25;45;
SA;8;23;6;11;27;
SA;45;11;12;9;23;
ME;32;4;8;29;10;
ME;4;30;23;18;48;
SA;4;19;3;16;48;
SA;14;45;5;12;29;
ME;5;17;44;24;2;
ME;38;20;41;2;35;
SA;9;26;34;27;39;
SA;4;28;46;34;10;
ME;34;38;11;17;27;
ME;4;1;48;26;25;
SA;1;44;5;11;43;
SA;31;7;33;32;13;
ME;1;18;33;25;47;
ME;43;41;29;36;49;
SA;41;11;14;24;46;
SA;24;5;6;27;19;
ME;9;18;14;42;48;
ME;45;12;17;35;24;
SA;20;26;34;30;42;
SA;42;30;47;29;10;
ME;23;38;18;36;21;
ME;41;24;14;32;22;
SA;33;5;11;47;26;
SA;41;19;28;29;12;
ME;25;45;16;20;39;
ME;1;31;17;20;10;
SA;33;4;47;20;28;
SA;31;23;7;42;34;
ME;16;43;24;30;5;
ME;28;41;35;18;24;
SA;3;49;4;21;36;
SA;35;11;45;36;41;
ME;15;38;14;45;6;
ME;9;42;31;19;18;
SA;36;13;43;11;5;
SA;33;17;10;20;44;
ME;39;16;18;48;30;
ME;35;11;38;33;25;
SA;36;16;6;35;32;
SA;27;26;17;39;36;
ME;7;42;37;47;25;
ME;42;43;12;28;30;
SA;36;21;23;6;47;
SA;37;6;29;9;25;
ME;21;13;30;39;43;
ME;13;48;28;7;10;
SA;18;4;8;37;10;
SA;18;49;43;34;16;
ME;30;20;1;46;6;
ME;36;34;37;41;11;
SA;7;8;1;4;23;
SA;29;30;40;17;22;
ME;22;10;29;16;27;
ME;9;2;43;4;21;
SA;48;11;24;32;23;
SA;33;45;11;44;35;
ME;30;15;35;1;46;
ME;19;4;7;34;38;
SA;32;41;37;38;30;
SA;47;6;25;28;38;
ME;43;47;26;8;14;
ME;22;42;12;44;4;
SA;38;45;31;17;5;
SA;1;29;35;13;43;
ME;28;38;47;40;45;
ME;41;8;9;14;24;
SA;44;47;24;42;37;
SA;36;7;44;31;9;
ME;25;5;12;10;9;
ME;30;24;25;42;47;
SA;3;9;34;1;18;
SA;24;25;29;34;39;
ME;25;43;22;49;48;
ME;37;38;29;24;26;
SA;20;19;3;42;18;
SA;17;23;9;35;39;
ME;5;43;48;23;25;
ME;41;37;29;6;33;
SA;10;27;8;6;39;
SA;45;38;27;29;3;
ME;41;4;7;23;39;
ME;36;10;16;26;17;
SA;31;27;16;46;1;
SA;25;7;18;24;27;
ME;32;24;28;29;46;
ME;2;32;20;1;22;
SA;23;21;8;47;27;
SA;4;44;14;37;2;
ME;48;40;21;31;17;
ME;5;7;11;47;25;
SA;44;13;42;33;37;
SA;31;16;9;23;20;
ME;28;42;35;1;13;
ME;4;37;20;25;26;
SA;18;35;8;44;3;
SA;17;1;28;33;45;
ME;24;25;27;28;49;
ME;15;25;3;26;22;
SA;18;28;3;7;34;
SA;2;29;18;39;41;
ME;49;12;14;36;40;
ME;35;32;47;2;9;
SA;15;23;2;33;24;
SA;35;33;9;23;19;
ME;8;22;40;9;38;
ME;47;39;11;43;4;
SA;44;30;12;40;10;
SA;37;16;7;8;31;
ME;35;48;36;23;39;
ME;7;43;34;47;33;
SA;5;12;17;27;21;
SA;30;2;25;32;1;
ME;45;10;13;48;34;
ME;9;33;38;16;45;
SA;31;7;13;32;23;
SA;49;45;15;42;36;
ME;46;10;12;49;3;
ME;42;35;20;24;18;
SA;40;28;35;34;27;
SA;44;9;16;38;23;
ME;42;49;14;34;12;
ME;42;16;15;22;26;
SA;20;4;42;1;40;
SA;24;38;9;23;18;
ME;9;2;24;48;18;
ME;30;7;37;48;49;
SA;49;40;36;16;41;
SA;46;34;35;15;43;
ME;8;27;46;10;6;
ME;38;37;39;29;35;
SA;45;33;14;1;16;
SA;27;6;16;15;41;
ME;23;10;35;12;5;
ME;42;14;47;45;35;
SA;24;20;28;12;1;
SA;43;47;17;11;34;
ME;13;41;30;1;36;
ME;18;34;38;15;7;
SA;6;44;1;25;26;
SA;34;31;14;28;11;
ME;2;7;47;26;30;
ME;29;33;23;22;25;
SA;12;40;31;28;26;
SA;11;36;23;27;24;
ME;40;45;16;18;43;
ME;15;2;18;28;34;
SA;13;27;4;6;39;
SA;49;14;4;46;16;
ME;8;48;45;44;26;
ME;26;49;36;23;7;
SA;21;14;17;10;44;
SA;17;39;47;21;40;
ME;17;16;1;30;2;
ME;21;29;33;15;44;
SA;34;24;16;5;45;
SA;34;13;14;45;37;
ME;31;36;26;43;49;
ME;25;12;34;43;5;
SA;4;11;38;28;49;
SA;46;27;25;43;14;
ME;9;25;10;35;12;
ME;2;15;34;25;17;
SA;7;43;19;49;44;
SA;36;28;34;25;12;
ME;42;8;40;13;19;
ME;22;16;40;7;1;
SA;36;5;43;28;45;
SA;5;31;35;28;18;
ME;38;33;11;37;20;
ME;44;6;27;9;11;
SA;49;4;30;28;48;
SA;35;17;44;24;46;
ME;19;12;49;36;34;
ME;38;49;18;23;3;
SA;31;44;26;39;18;
SA;44;41;6;45;15;
ME;3;1;16;39;13;
ME;17;3;21;27;42;
SA;6;36;23;16;20;
SA;13;30;20;7;46;
ME;19;49;32;4;26;
ME;30;40;44;20;38;
SA;42;18;14;4;20;
SA;34;42;1;24;39;
ME;9;45;38;22;26;
ME;37;47;10;8;32;
SA;10;39;24;36;15;
SA;2;6;49;43;22;
ME;21;8;19;10;28;
ME;47;26;40;15;6;
SA;34;32;42;13;29;
SA;1;6;36;28;37;
ME;19;49;45;27;44;
ME;3;22;28;38;7;
SA;35;9;6;29;7;
SA;35;18;47;9;4;
ME;26;22;29;45;36;
ME;11;21;19;32;36;
SA;35;31;24;47;9;
SA;41;40;5;16;19;
ME;4;14;10;22;9;
ME;21;32;35;16;3;
SA;44;10;35;5;24;
SA;20;13;38;29;12;
ME;24;37;49;32;46;
ME;39;32;27;37;6;
SA;39;8;3;30;22;
SA;25;5;7;30;19;
ME;41;13;30;1;9;
ME;19;23;49;12;7;
SA;7;31;30;42;13;
SA;18;43;34;16;35;
ME;9;39;19;15;37;
ME;40;17;37;19;3;
SA;23;27;5;8;43;
SA;43;19;46;32;45;
ME;36;3;12;1;8;
ME;9;17;42;40;33;
SA;9;8;45;11;44;
SA;24;22;9;44;35;
ME;27;18;48;42;4;
ME;27;12;37;32;7;
SA;18;39;30;38;12;
SA;29;9;41;17;13;
ME;21;6;44;47;46;
ME;3;36;41;21;11;
SA;10;14;1;20;17;
SA;16;2;30;49;28;
ME;3;36;21;19;15;
ME;6;5;48;34;10;
SA;21;49;24;9;6;
SA;32;31;21;40;49;
ME;34;2;10;5;40;
ME;2;42;29;47;28;
SA;3;34;36;48;37;
SA;45;4;21;39;36;
ME;5;7;21;32;44;
ME;31;6;22;28;9;
SA;44;32;28;43;46;
SA;40;11;25;8;6;
ME;8;49;30;6;15;
ME;10;14;21;13;28;
SA;40;2;18;46;10;
SA;31;49;37;41;39;
ME;49;13;4;14;12;
ME;2;36;22;23;21;
SA;1;33;41;39;8;
SA;23;14;1;33;35;
ME;30;21;14;13;3;
ME;37;12;39;33;46;
SA;12;29;33;31;10;
SA;21;19;31;1;28;
ME;38;27;34;48;14;
ME;45;2;15;5;39;
SA;15;22;33;9;40;
SA;37;13;26;3;18;
ME;31;1;7;45;35;
ME;1;38;23;37;35;
SA;7;22;40;11;23;
SA;13;45;35;20;46;
ME;36;4;42;26;31;
ME;34;8;38;48;9;
SA;16;18;3;45;6;
SA;37;38;27;21;6;
ME;21;38;24;32;42;
ME;27;36;43;48;14;
SA;41;49;30;4;12;
SA;32;14;46;18;5;
ME;48;9;25;17;31;
ME;30;26;4;23;48;
SA;10;44;28;6;1;
SA;25;19;1;21;15;
ME;10;32;24;3;18;
ME;23;17;42;29;36;
SA;44;4;20;19;10;
SA;19;35;47;20;6;
ME;8;42;11;44;13;
ME;23;47;41;1;40;
SA;7;41;47;19;40;
SA;2;18;12;35;24;
ME;6;12;39;16;11;
ME;47;32;44;18;30;
SA;38;4;26;23;48;
SA;22;7;11;3;38;
ME;5;14;34;38;46;
ME;37;5;26;17;2;
SA;40;2;19;3;32;
SA;38;42;5;27;23;
ME;41;16;33;3;20;
ME;19;20;38;39;12;
SA;28;20;12;4;27;
SA;17;5;43;35;47;
ME;43;9;38;4;7;
ME;47;7;2;32;17;
SA;21;29;3;49;27;
SA;41;40;1;45;46;
ME;6;11;43;32;29;
ME;25;44;16;37;34;
SA;36;15;13;26;19;
SA;8;46;13;39;32;
ME;6;4;8;45;11;
ME;49;38;30;1;31;
SA;29;32;15;28;14;
SA;32;38;6;33;47;
ME;33;1;9;41;3;
ME;7;16;25;8;19;
SA;7;45;17;5;31;
SA;1;5;43;9;8;
ME;33;41;49;3;2;
ME;3;24;36;6;43;
SA;19;48;3;37;17;
SA;37;42;2;49;30;
ME;12;7;5;13;47;
ME;43;40;2;45;33;
SA;22;9;27;6;24;
SA;1;20;12;28;30;
ME;24;32;2;23;46;
ME;27;15;22;14;4;
SA;17;20;7;32;16;
SA;1;10;34;16;48;
ME;45;43;26;49;46;
ME;2;34;21;45;32;
SA;17;16;33;3;5;
SA;40;13;36;5;27;
ME;30;49;13;44;45;
ME;28;42;9;38;35;
SA;26;18;29;49;21;
SA;31;12;15;5;33;
ME;40;30;47;23;43;
ME;6;5;49;20;41;
SA;33;8;45;27;5;
SA;40;31;23;38;32;
ME;1;36;44;21;38;
ME;10;19;14;1;48;
SA;47;38;34;30;19;
SA;30;18;15;45;33;
ME;30;36;15;34;1;
ME;24;16;1;5;18;
SA;8;24;14;5;39;
SA;4;5;28;11;10;
ME;6;29;10;17;40;
ME;3;30;49;48;41;
SA;22;37;15;4;35;
SA;3;1;30;12;6;
ME;26;29;19;30;49;
ME;3;26;9;11;5;
SA;34;1;41;23;22;
SA;16;25;21;31;33;
ME;43;11;17;39;38;
ME;6;21;23;32;37;
SA;44;24;31;25;4;
SA;24;13;48;8;42;
ME;9;14;24;5;2;
ME;40;48;36;35;23;
SA;4;6;33;13;8;
SA;12;7;39;8;4;
ME;46;22;38;7;42;
ME;28;42;49;40;37;
SA;5;40;39;21;47;
SA;48;30;11;33;13;
ME;6;48;5;3;34;
ME;35;6;27;49;21;
SA;41;2;6;37;48;
SA;46;47;41;49;7;
ME;16;22;9;49;47;
ME;39;27;41;43;7;
SA;10;3;38;20;7;
ME;12;42;30;9;10;
SA;23;2;15;5;43;
ME;38;21;25;46;5;
SA;19;31;1;18;24;
ME;49;7;22;16;28;
SA;31;21;38;37;26;
ME;45;44;49;15;47;
SA;43;20;17;21;26;
ME;29;18;37;26;44;
SA;24;6;19;22;25;
ME;49;2;45;19;16;
SA;37;31;33;14;29;
ME;4;7;16;32;20;
SA;30;19;1;21;41;
ME;40;13;46;45;32;
SA;13;28;6;33;30;
ME;33;20;29;25;47;
SA;30;18;46;49;32;
ME;8;37;49;18;15;
SA;34;3;37;24;17;
ME;47;42;29;8;1;
SA;37;38;31;39;48;
ME;46;31;16;35;5;
SA;43;41;31;29;15;
ME;21;33;36;24;18;
SA;40;18;39;15;43;
ME;23;44;17;32;12;
SA;19;26;32;13;28;
ME;20;15;41;3;16;
SA;37;27;2;19;6;
ME;16;7;40;10;20;
SA;19;32;34;45;26;
ME;5;44;26;45;27;
SA;25;24;7;49;4;
ME;16;39;32;14;9;
SA;20;24;30;36;32;
ME;14;12;36;3;19;
SA;11;40;3;29;23;
ME;37;49;11;2;28;
SA;28;36;8;40;21;
ME;44;31;48;13;20;
SA;46;22;27;20;5;
ME;49;30;18;43;33;
SA;19;13;11;32;20;
ME;18;34;6;8;32;
SA;45;43;20;16;25;
ME;28;4;20;44;19;
SA;8;23;22;35;24;
ME;30;17;2;42;49;
SA;39;22;19;15;44;
ME;29;3;38;46;9;
SA;24;1;23;19;15;
ME;25;49;8;14;9;
SA;39;2;10;3;38;
ME;37;28;41;20;4;
SA;13;25;6;24;4;
ME;19;26;1;9;43;
SA;37;46;23;48;24;
ME;16;48;49;22;44;
SA;29;36;10;18;15;
ME;49;23;21;42;8;
SA;11;44;31;36;45;
ME;20;8;28;3;14;
SA;43;15;28;35;13;
ME;12;45;11;22;13;
SA;22;20;9;26;34;
ME;29;14;37;2;46;
SA;2;34;42;40;28;
ME;25;37;26;48;2;
SA;42;21;20;24;28;
ME;31;30;5;44;8;
SA;24;8;13;6;42;
ME;39;37;20;27;43;
SA;19;29;32;4;7;
ME;19;36;7;43;38;
SA;45;29;20;14;8;
ME;38;46;6;4;40;
SA;46;43;25;16;8;
ME;45;10;33;21;20;
SA;49;18;11;2;46;
ME;30;35;11;22;40;
SA;31;15;49;46;3;
ME;39;8;32;22;21;
SA;37;8;14;40;15;
ME;24;34;29;38;46;
SA;44;49;11;17;42;
ME;43;21;19;10;35;
SA;10;23;29;37;47;
ME;42;10;47;26;30;
SA;11;16;5;33;25;
ME;24;18;15;45;28;
SA;32;30;1;38;43;
ME;41;48;23;9;4;
SA;33;48;28;32;23;
ME;17;15;5;43;45;
SA;3;7;13;35;46;
ME;9;19;45;29;18;
SA;16;23;43;24;27;
ME;17;40;30;16;20;
SA;9;36;42;11;27;
ME;10;24;46;18;35;
SA;26;45;46;7;25;
ME;26;41;25;37;38;
SA;38;42;23;36;11;
ME;16;14;46;11;38;
SA;40;36;34;39;22;
ME;19;4;46;35;15;
SA;18;16;31;21;38;
ME;5;37;19;25;44;
SA;11;5;46;22;1;
ME;49;5;40;28;20;
SA;26;37;8;20;19;
ME;10;19;20;44;39;
SA;23;39;44;40;38;
ME;27;11;49;41;35;
SA;17;7;18;24;45;
ME;28;4;3;24;48;
SA;34;9;44;42;15;
ME;16;29;28;44;20;
SA;4;18;30;19;37;
ME;40;6;23;21;19;
SA;21;19;38;11;23;
ME;16;37;36;38;27;
SA;37;45;4;43;38;
ME;10;4;25;34;14;
SA;14;30;34;38;33;
ME;31;4;20;32;8;
SA;17;33;28;21;49;
ME;47;37;27;19;18;
SA;43;18;4;45;12;
ME;3;23;26;13;4;
SA;36;33;47;14;26;
ME;37;32;19;48;1;
SA;5;24;45;18;34;
ME;47;7;35;49;2;
SA;17;32;36;31;16;
ME;6;22;24;47;11;
SA;14;1;34;4;8;
ME;19;46;38;30;34;
SA;36;10;46;41;24;
ME;49;41;42;39;18;
SA;34;12;5;46;33;
ME;29;1;8;31;33;
SA;36;22;6;48;41;
ME;11;1;10;18;16;
SA;36;29;34;10;13;
ME;24;6;16;41;26;
SA;30;18;42;2;24;
ME;21;39;31;6;33;
SA;24;44;1;17;38;
ME;11;4;19;2;22;
SA;17;16;45;37;25;
ME;35;41;20;49;33;
SA;3;31;22;13;42;
ME;8;17;37;3;28;
SA;19;26;30;20;45;
ME;34;9;13;42;35;
SA;18;49;29;13;31;
ME;49;38;35;2;21;
SA;36;35;22;16;37;
ME;14;32;16;3;15;
SA;4;26;27;32;18;
ME;8;30;45;28;26;
SA;3;33;9;25;8;
ME;17;37;30;48;23;
SA;40;21;18;22;46;
ME;14;42;41;30;9;
SA;43;1;5;48;24;
ME;27;31;16;19;15;
SA;17;36;32;42;33;
ME;1;22;31;2;43;
SA;22;39;49;25;10;
ME;49;38;28;34;43;
SA;24;3;12;1;42;
ME;16;8;7;40;19;
SA;40;46;42;30;33;
ME;1;34;15;22;26;
SA;40;43;13;22;23;
ME;30;20;23;32;21;
SA;41;2;39;8;7;
ME;20;5;32;3;7;
SA;47;19;25;31;40;
ME;34;6;43;8;12;
SA;2;38;21;31;11;
ME;34;42;11;27;36;
SA;6;5;8;34;45;
ME;10;14;31;9;48;
SA;36;25;2;3;5;
ME;26;13;10;37;30;
SA;1;8;20;48;45;
ME;20;14;45;12;3;
SA;7;26;41;33;49;
ME;18;46;38;22;10;
SA;11;4;9;8;32;
ME;17;34;33;24;8;
SA;12;16;41;8;21;
ME;21;37;5;19;44;
SA;21;19;48;24;1;
ME;24;47;22;33;20;
SA;28;25;29;35;43;
ME;32;42;6;24;5;
SA;4;31;46;49;16;
ME;22;11;19;36;30;
SA;5;40;49;26;33;
ME;20;21;45;39;17;
SA;39;16;48;36;32;
ME;6;13;4;18;44;
SA;23;16;15;9;12;
ME;8;17;6;28;29;
SA;25;42;36;14;1;
ME;7;31;37;5;6;
SA;24;40;14;18;2;
ME;26;46;30;29;49;
SA;20;15;23;25;47;
ME;14;6;31;25;9;
SA;28;10;32;23;1;
ME;3;35;27;16;25;
SA;1;44;24;46;38;
ME;4;24;27;29;30;
SA;35;46;16;33;31;
ME;27;11;15;36;25;
SA;38;11;23;49;25;
ME;49;4;20;8;16;
SA;33;41;18;35;45;
ME;17;14;18;37;3;
SA;42;36;39;7;27;
ME;25;34;3;5;32;
SA;45;19;2;9;31;
ME;40;44;32;33;26;
SA;36;20;39;17;6;
ME;48;33;19;12;24;
SA;38;10;36;2;26;
ME;29;8;42;48;7;
SA;40;41;7;22;36;
ME;8;45;16;12;3;
SA;26;23;25;47;15;
ME;13;48;4;33;11;
SA;49;20;16;24;37;
ME;27;36;40;8;24;
SA;19;46;14;38;21;
ME;21;13;24;3;20;
SA;46;23;10;33;30;
ME;32;19;8;7;4;
SA;26;15;24;6;27;
ME;7;17;5;15;14;
SA;32;14;4;19;9;
ME;7;24;36;31;5;
SA;49;39;47;16;12;
ME;16;3;17;33;9;
SA;13;17;43;5;29;
ME;4;35;36;16;11;
SA;43;17;47;8;38;
ME;14;18;21;26;42;
SA;27;16;1;48;22;
ME;24;37;40;31;14;
SA;16;7;6;40;28;
ME;1;20;16;30;29;
SA;15;23;45;17;43;
ME;28;5;18;35;16;
SA;36;16;7;3;41;
ME;14;5;31;46;43;
SA;16;23;29;31;5;
ME;28;49;21;20;19;
SA;28;34;37;39;46;
ME;4;26;32;9;35;
SA;20;41;33;35;25;
ME;11;48;45;36;34;
SA;23;30;8;29;41;
ME;36;10;47;32;45;
SA;21;31;37;38;8;
ME;47;11;41;3;29;
SA;34;5;8;41;46;
ME;47;1;23;38;18;
SA;18;41;1;28;43;
ME;11;32;26;29;49;
SA;18;19;8;48;14;
ME;23;10;39;27;18;
SA;38;21;24;43;36;
ME;40;16;45;22;44;
SA;6;4;7;18;43;
ME;11;17;1;25;19;
SA;30;23;27;15;29;
ME;44;23;14;43;3;
SA;45;4;33;49;15;
ME;32;12;40;27;36;
SA;34;33;41;12;40;
ME;37;3;8;23;24;
SA;43;9;26;49;16;
ME;26;4;44;21;3;
SA;10;39;12;42;11;
ME;3;10;29;49;25;
SA;47;16;31;49;18;
ME;44;42;38;48;8;
SA;40;17;15;6;8;
ME;47;26;35;46;13;
SA;18;47;21;7;2;
ME;11;33;38;46;13;
SA;41;32;15;48;5;
ME;20;34;15;44;38;
SA;33;37;49;39;12;
ME;14;31;18;45;13;
SA;14;22;28;18;23;
ME;40;46;21;13;12;
SA;2;39;10;43;46;
ME;21;4;39;15;23;
SA;2;4;44;29;19;
ME;36;2;34;38;22;
SA;13;48;41;43;22;
ME;19;3;11;46;12;
SA;18;11;4;14;13;
ME;44;12;16;40;43;
SA;26;17;9;43;34;
ME;18;23;33;44;19;
SA;6;19;16;46;34;
ME;18;24;47;1;20;
SA;41;34;42;25;14;
ME;16;43;8;42;6;
SA;36;28;25;27;23;
ME;4;25;36;29;2;
SA;13;46;22;27;37;
ME;24;20;49;48;13;
SA;18;46;41;16;35;
ME;43;22;2;1;15;
SA;38;24;37;39;20;
ME;16;26;6;15;49;
SA;7;11;2;27;24;
ME;24;6;9;16;8;
SA;38;26;31;23;22;
ME;26;20;25;47;8;
SA;42;7;11;29;28;
ME;7;12;48;25;5;
SA;26;45;14;20;36;
ME;7;6;25;46;13;
SA;2;48;46;21;35;
ME;27;43;39;35;12;
SA;5;38;14;30;13;
ME;13;34;7;29;15;
SA;31;15;25;26;38;
ME;48;1;23;32;39;
SA;17;6;40;16;4;
ME;33;47;27;20;45;
SA;23;42;8;33;2;
ME;33;38;7;49;17;
SA;44;20;43;48;17;
ME;31;30;48;39;7;
SA;29;42;38;18;39;
ME;28;38;44;7;40;
SA;29;43;17;16;15;
ME;18;34;8;2;28;
SA;33;29;5;15;19;
ME;13;30;1;47;21;
SA;6;35;37;38;13;
ME;1;32;7;27;31;
SA;10;29;49;26;6;
ME;5;29;41;42;6;
SA;41;9;48;10;45;
ME;43;7;14;13;48;
SA;10;22;45;12;34;
ME;2;32;48;26;44;
SA;32;23;42;34;21;
ME;30;23;43;20;44;
SA;21;6;38;28;30;
ME;15;35;8;3;34;
SA;40;48;29;6;37;
ME;42;13;44;10;24;
SA;10;33;18;1;48;
ME;2;39;27;34;48;
SA;47;22;24;39;9;
ME;28;39;11;43;6;
SA;42;15;44;38;17;
ME;7;35;3;48;31;
SA;39;42;8;11;29;
ME;46;44;40;21;25;
SA;6;37;31;15;5;
ME;42;11;45;22;35;
SA;3;25;4;35;47;
ME;22;37;41;19;44;
SA;31;18;20;7;28;
ME;20;37;3;26;36;
SA;17;33;47;3;26;
ME;37;14;26;25;39;
SA;29;43;30;46;45;
ME;36;39;20;33;16;
SA;16;44;4;18;35;
ME;38;47;44;39;9;
SA;34;47;35;21;41;
ME;38;49;46;13;11;
SA;27;28;1;30;34;
ME;2;23;31;14;38;
SA;13;35;12;19;21;
ME;15;8;11;14;16;
SA;32;46;22;4;5;
ME;17;30;2;32;45;
SA;37;24;27;17;6;
ME;41;43;30;26;31;
SA;12;15;36;25;2;
ME;23;25;3;2;15;
SA;12;1;35;37;26;
ME;21;6;22;46;33;
SA;34;15;40;9;18;
ME;29;48;3;26;45;
SA;38;22;40;31;5;
ME;16;31;14;36;11;
SA;3;20;34;17;14;
ME;5;44;30;28;27;
SA;34;38;18;32;4;
ME;16;4;7;26;17;
SA;4;42;32;33;8;
ME;8;16;26;9;31;
SA;22;12;8;15;48;
ME;24;25;3;7;15;
SA;12;18;7;39;8;
ME;8;44;38;30;34;
SA;23;4;42;40;35;
ME;31;13;32;7;49;
SA;10;31;42;1;15;
ME;47;33;9;43;35;
SA;14;37;44;5;27;
ME;19;35;11;13;20;
SA;29;10;8;24;13;
ME;19;39;48;15;28;
SA;47;49;15;36;24;
ME;18;17;46;44;40;
SA;36;15;43;29;22;
ME;21;4;25;24;45;
SA;44;19;45;7;5;
ME;22;29;24;34;43;
SA;48;47;11;32;28;
ME;36;47;44;16;15;
SA;12;26;27;34;38;
ME;16;25;35;22;2;
SA;10;42;15;16;19;
ME;21;46;36;32;38;
SA;17;26;41;37;28;
ME;43;11;36;27;22;
SA;5;35;18;1;27;
ME;29;16;7;35;32;
SA;37;9;35;20;2;
ME;14;35;43;45;7;
SA;6;9;34;27;48;
ME;38;22;23;48;39;
SA;48;32;19;47;6;
ME;22;6;44;11;43;
SA;3;5;49;43;15;
ME;22;49;29;35;46;
SA;15;45;33;11;30;
ME;3;2;21;16;49;
SA;37;47;42;23;27;
ME;24;18;38;22;31;
SA;13;5;17;15;26;
ME;39;20;37;32;38;
SA;19;30;40;18;7;
ME;2;6;3;27;44;
SA;7;37;2;49;24;
ME;49;7;45;13;36;
SA;13;45;36;21;27;
ME;12;25;17;46;32;
SA;8;14;41;5;31;
ME;14;26;20;2;49;
SA;30;32;21;18;11;
ME;10;47;39;27;41;
SA;22;45;18;17;44;
ME;39;11;31;49;4;
SA;5;49;30;29;16;
ME;6;35;9;33;32;
SA;19;26;33;46;2;
ME;18;19;44;30;22;
SA;16;18;12;20;48;
ME;9;46;13;19;37;
SA;30;3;34;25;20;
ME;5;30;25;22;10;
SA;17;5;13;15;21;
ME;49;22;47;10;38;
SA;40;32;26;4;37;
ME;48;15;11;33;2;
SA;1;14;2;33;41;
ME;37;25;9;8;12;
SA;33;1;9;31;4;
ME;38;43;3;6;26;
SA;22;13;33;40;4;
ME;12;41;4;6;47;
SA;40;29;45;39;23;
ME;49;6;28;25;7;
SA;3;6;45;33;31;
ME;27;6;13;46;10;
SA;38;4;32;18;12;
ME;42;29;10;27;44;
SA;39;36;11;14;7;
ME;27;12;49;16;8;
SA;26;45;20;40;43;
ME;10;12;14;1;44;
SA;14;6;34;43;32;
ME;23;34;35;29;15;
SA;1;44;28;39;18;
ME;34;45;13;11;18;
SA;2;15;10;16;27;
ME;25;8;45;18;19;
SA;6;4;20;43;28;
ME;39;36;25;24;26;
SA;34;42;6;45;17;
ME;2;36;13;34;25;
SA;7;22;34;24;41;
ME;28;36;34;13;31;
SA;44;29;32;19;37;
ME;23;26;13;32;14;
SA;4;25;23;28;21;
ME;42;38;2;18;32;
SA;14;16;33;45;23;
ME;37;10;27;35;12;
SA;26;32;3;2;29;
ME;26;12;19;6;30;
SA;36;32;49;38;33;
ME;1;13;7;14;22;
SA;34;5;25;17;30;
ME;14;30;45;9;27;
SA;43;15;1;11;19;
ME;42;43;46;11;44;
SA;20;44;11;6;13;
ME;29;35;10;40;18;
SA;37;28;13;10;12;
ME;47;24;23;4;19;
SA;43;28;2;18;37;
ME;37;24;25;13;2;
SA;20;44;26;8;14;
ME;8;12;20;41;24;
SA;37;41;4;10;16;
ME;23;46;33;38;5;
SA;4;38;16;15;48;
ME;46;9;33;30;7;
SA;47;2;19;28;10;
ME;16;21;12;20;40;
SA;34;33;20;7;40;
ME;42;26;11;1;48;
SA;44;9;30;45;36;
ME;49;14;37;7;17;
SA;38;36;22;40;19;
ME;2;37;43;7;5;
SA;15;17;30;41;28;
ME;42;49;36;23;18;
SA;21;7;37;36;18;
ME;23;10;6;36;45;
SA;41;6;1;14;42;
ME;11;36;6;31;23;
SA;5;43;46;25;17;
ME;11;45;7;22;34;
SA;10;23;40;36;16;
ME;9;19;29;30;14;
SA;27;20;6;5;41;
ME;25;42;45;19;12;
SA;32;15;24;35;18;
ME;28;1;20;17;34;
SA;35;5;27;17;6;
ME;25;26;13;37;24;
SA;31;1;40;19;23;
ME;23;45;33;1;37;
SA;28;26;21;43;36;
ME;19;18;30;24;37;
SA;33;46;34;2;18;
ME;7;36;6;24;16;
SA;12;37;16;34;18;
ME;45;37;9;20;48;
SA;40;5;22;41;14;
ME;45;39;25;21;6;
SA;36;8;25;26;12;
ME;47;4;3;14;42;
SA;35;45;40;34;28;
ME;8;19;27;42;29;
SA;32;44;30;40;4;
ME;30;10;47;29;1;
SA;37;17;16;18;11;
ME;41;37;33;14;9;
SA;3;25;33;20;43;
ME;4;14;41;40;18;
SA;35;3;14;28;9;
ME;26;30;39;27;12;
SA;24;10;18;36;8;
ME;29;8;28;37;49;
SA;24;21;23;3;38;
ME;24;30;39;1;8;
SA;48;30;32;36;1;
ME;20;22;17;1;15;
SA;41;35;9;46;1;
ME;36;37;26;25;48;
SA;25;38;40;48;37;
ME;4;45;30;26;16;
SA;9;3;32;46;18;
ME;39;31;13;37;6;
SA;47;43;27;22;16;
ME;1;44;38;39;2;
SA;46;4;32;33;34;
ME;21;2;1;33;46;
SA;29;8;31;33;10;
ME;6;40;22;15;34;
SA;36;29;38;41;4;
ME;45;31;33;38;3;
SA;20;44;3;40;24;
ME;13;24;7;29;5;
SA;28;44;30;5;15;
ME;2;22;5;15;16;
SA;48;20;4;2;22;
ME;35;23;47;17;36;
SA;11;48;18;22;10;
ME;6;8;27;11;22;
SA;15;21;35;32;39;
ME;23;25;46;12;49;
SA;8;24;46;15;45;
ME;39;16;43;5;40;
SA;13;40;12;5;31;
ME;42;39;38;30;34;
SA;21;12;49;26;30;
ME;18;30;44;19;46;
SA;19;7;45;38;18;
ME;27;3;44;8;48;
SA;46;48;2;34;26;
ME;45;38;20;8;19;
SA;46;48;37;11;25;
ME;17;14;36;6;30;
SA;24;12;9;21;41;
ME;29;1;40;42;36;
SA;21;14;1;5;32;
ME;30;9;40;17;45;
SA;26;11;33;20;2;
ME;37;36;26;35;27;
SA;27;38;9;34;6;
ME;3;32;8;27;29;
SA;14;7;39;1;21;
ME;11;21;28;35;1;
SA;23;7;10;38;26;
ME;47;38;21;15;49;
SA;12;36;2;41;17;
ME;47;36;41;24;14;
SA;33;48;49;6;29;
ME;15;38;41;35;20;
SA;10;48;39;15;34;
ME;33;48;20;42;40;
SA;3;32;27;29;1;
ME;3;39;28;14;5;
SA;18;14;7;40;25;
ME;15;7;28;25;35;
SA;14;25;22;46;44;
ME;17;46;1;24;40;
SA;5;32;40;15;34;
ME;29;25;46;4;34;
SA;23;36;34;6;12;
ME;15;29;46;37;33;
SA;32;33;47;14;16;
ME;25;5;34;33;46;
SA;37;32;24;31;3;
ME;12;18;47;40;21;
SA;32;19;3;21;42;
ME;23;30;49;25;21;
SA;15;32;42;27;8;
ME;39;21;13;30;38;
SA;6;48;49;1;12;
ME;45;49;41;40;21;
SA;22;16;35;4;5;
ME;13;18;43;36;28;
SA;30;10;2;19;20;
ME;17;16;49;18;23;
SA;26;39;1;42;23;
ME;23;7;12;47;22;
SA;27;48;42;18;21;
ME;25;15;22;31;16;
SA;34;15;49;22;28;
ME;30;49;45;41;16;
SA;26;39;3;38;5;
ME;31;9;14;39;42;
SA;26;13;43;30;46;
ME;10;12;16;27;18;
SA;6;17;30;40;19;
ME;42;20;34;29;46;
SA;13;39;10;40;25;
ME;46;36;22;23;38;
SA;30;29;41;2;26;
ME;49;6;38;29;23;
SA;8;13;25;2;16;
ME;47;18;24;6;10;
SA;7;43;14;18;34;
ME;38;29;32;10;1;
ME;19;34;44;13;39;
ME;9;3;42;39;38;
ME;36;39;16;35;8;
ME;19;34;24;29;38;
ME;18;45;31;15;41;
ME;7;42;47;22;12;
ME;6;8;30;1;7;
ME;20;45;5;29;31;
ME;22;27;2;28;37;
ME;33;35;40;20;5;
ME;27;42;4;20;7;
ME;43;34;23;10;48;
ME;43;27;47;16;44;
ME;7;22;13;21;44;
ME;3;31;41;21;47;
ME;41;37;42;27;17;
ME;37;46;19;49;26;
JE;20;33;49;5;24;
ME;8;21;33;31;18;
ME;5;11;47;44;8;
ME;19;20;40;13;34;
ME;6;47;1;23;2;
ME;49;12;33;19;24;
ME;27;12;8;39;25;
ME;15;44;33;27;11;
ME;5;42;38;31;11;
ME;43;29;9;49;45;
ME;43;46;4;18;49;
JE;23;37;21;44;4;
ME;44;29;3;24;13;
ME;16;45;7;19;11;
ME;37;9;17;18;14;
ME;18;40;28;31;48;
ME;15;14;28;30;48;
ME;26;38;46;35;49;
ME;21;48;37;10;43;
ME;29;14;39;5;21;
ME;10;20;30;17;34;
ME;20;9;6;7;37;
ME;18;40;9;14;21;
JE;32;8;6;11;35;
ME;1;30;49;9;32;
ME;48;12;41;22;44;
ME;24;21;40;43;5;
ME;10;8;21;16;5;
ME;26;31;40;33;10;
ME;49;36;42;15;22;
JE;33;44;6;29;24;
ME;26;2;35;21;19;
ME;26;11;32;34;22;
ME;23;9;36;5;43;
ME;28;22;12;24;38;
ME;33;22;26;34;45;
ME;4;8;32;30;42;
ME;40;33;14;30;12;
ME;23;29;6;34;12;
ME;12;5;37;22;31;
ME;34;20;5;8;2;
ME;39;14;2;49;48;
ME;42;29;18;45;15;
ME;16;21;31;48;1;
ME;49;25;8;32;31;
ME;46;44;10;7;48;
ME;49;26;4;6;40;
ME;30;35;19;28;47;
ME;31;32;36;9;26;
ME;30;3;33;23;10;
ME;22;16;45;49;48;
ME;32;30;7;8;22;
JE;15;10;21;22;42;
ME;25;30;38;39;40;
ME;27;49;44;11;14;
ME;40;31;38;49;37;
ME;17;28;13;6;45;
ME;14;16;23;2;32;
ME;21;37;40;34;45;
ME;29;40;36;48;27;
ME;30;9;48;37;35;
ME;12;42;14;2;10;
ME;18;40;29;44;15;
ME;15;49;30;35;31;
ME;32;44;35;47;16;
ME;20;5;28;40;25;
ME;28;1;32;7;24;
ME;4;24;40;49;11;
JE;19;6;24;45;23;
ME;12;41;29;17;39;
ME;35;14;34;31;39;
ME;10;15;37;25;49;
ME;35;48;46;20;17;
ME;15;39;28;6;11;
JE;45;32;44;35;24;
ME;35;40;24;38;4;
ME;24;14;2;9;12;
ME;22;12;5;9;47;
ME;24;22;20;3;28;
ME;20;8;3;4;16;
ME;10;17;24;11;2;
JE;35;22;23;24;17;
ME;40;36;29;19;31;
ME;39;32;27;23;28;
ME;9;35;48;11;49;
ME;42;35;29;12;16;
ME;3;13;24;19;36;
ME;28;48;13;23;16;
ME;34;30;10;18;4;
ME;39;29;23;18;17;
ME;17;38;23;6;27;
ME;26;24;40;10;23;
ME;26;34;23;24;47;
ME;24;46;27;11;23;
ME;9;29;25;8;14;
ME;49;23;42;40;38;
ME;28;45;34;48;37;
ME;48;14;26;13;45;
ME;18;38;13;22;34;
ME;12;34;29;1;36;
ME;22;39;36;32;5;
ME;44;12;27;48;16;
ME;43;2;27;46;40;
JE;27;4;43;10;24;
ME;24;46;7;23;2;
ME;48;8;15;25;40;
ME;2;26;24;1;43;
ME;19;12;36;47;25;
ME;4;12;47;11;28;
ME;14;34;15;13;39;
ME;34;9;14;24;19;
ME;11;9;2;20;36;
ME;29;33;25;32;5;
ME;20;13;31;43;37;
ME;12;9;36;45;48;
ME;4;13;9;35;37;
ME;2;49;6;37;13;
ME;24;15;49;36;30;
ME;13;19;9;27;49;
ME;34;22;11;26;25;
JE;40;2;49;20;15;
ME;12;31;18;7;11;
ME;12;4;34;27;25;
ME;49;35;2;3;38;
ME;42;13;38;18;1;
JE;4;40;5;44;35;
ME;26;25;5;40;12;
ME;39;28;8;2;16;
ME;6;29;18;4;47;
ME;3;19;2;37;48;
ME;41;17;38;43;47;
ME;40;13;29;41;42;
JE;9;34;17;1;24;
ME;2;33;48;38;7;
ME;45;18;43;24;13;
ME;5;33;24;34;21;
ME;2;18;49;28;47;
ME;44;14;22;39;45;
ME;28;40;3;36;41;
ME;26;19;6;48;34;
ME;29;12;48;13;15;
ME;34;25;5;28;19;
ME;46;24;11;14;28;
ME;43;3;7;13;20;
ME;4;28;29;19;18;
ME;19;28;49;26;47;
ME;34;31;26;38;48;
ME;20;44;41;31;18;
ME;7;16;34;8;39;
ME;15;47;7;10;31;
ME;5;12;44;24;11;
ME;16;40;27;18;11;
ME;22;35;47;40;24;
ME;39;21;40;42;44;
ME;6;13;21;39;37;
JE;40;1;13;7;31;
ME;42;49;21;10;39;
ME;15;3;41;45;37;
ME;46;6;48;36;41;
ME;14;33;29;21;18;
ME;47;3;22;13;5;
ME;44;1;31;32;23;
ME;12;28;31;4;45;
ME;49;4;9;43;12;
ME;31;19;3;20;39;
ME;16;43;28;20;7;
ME;48;24;18;45;36;
ME;20;16;48;39;1;
ME;28;5;32;12;15;
ME;7;40;48;10;6;
ME;3;13;5;11;19;
ME;4;21;11;22;38;
JE;42;17;2;28;4;
ME;14;11;45;29;41;
ME;34;47;36;5;40;
ME;5;25;38;3;31;
ME;7;40;36;11;22;
ME;25;34;9;42;31;
ME;14;18;6;48;27;
JE;7;8;2;25;15;
ME;45;5;44;15;48;
ME;6;46;14;17;37;
ME;22;1;25;14;10;
ME;6;7;9;17;45;
ME;10;14;12;3;42;
ME;6;22;45;21;2;
ME;47;41;12;31;5;
ME;29;41;6;19;26;
ME;18;10;46;35;4;
ME;36;35;32;23;1;
ME;48;38;17;46;9;
ME;48;47;38;25;18;
ME;3;30;19;18;13;
ME;5;1;45;37;49;
ME;43;20;25;39;26;
ME;38;48;19;25;2;
ME;29;28;42;46;19;
ME;31;9;7;39;33;
ME;42;26;43;9;32;
ME;39;46;47;21;9;
JE;26;32;48;39;9;
VE;41;19;24;47;39;
ME;10;26;12;22;4;
ME;8;32;36;37;22;
ME;12;7;27;35;15;
ME;22;40;2;4;43;
ME;28;12;24;4;30;
ME;48;25;24;44;38;
ME;28;45;46;12;40;
ME;3;7;19;28;27;
ME;7;46;33;45;34;
ME;27;39;25;22;41;
ME;4;36;29;28;42;
ME;7;24;28;13;38;
ME;44;6;37;12;3;
ME;8;10;16;12;2;
ME;31;45;17;13;5;
ME;43;13;26;17;30;
ME;8;25;15;16;4;
ME;48;22;31;44;14;
JE;36;42;20;15;47;
ME;47;40;22;21;45;
ME;17;2;29;23;14;
ME;19;23;8;31;47;
ME;13;8;49;36;19;
ME;44;15;41;45;33;
ME;25;1;15;39;4;
ME;7;26;32;19;44;
ME;10;12;3;25;8;
ME;8;21;9;35;4;
JE;3;49;9;48;10;
ME;8;15;48;44;19;
ME;36;42;48;11;5;
ME;27;41;1;23;3;
ME;40;41;49;24;9;
JE;21;36;8;33;17;
ME;13;21;39;37;41;
JE;12;39;35;19;20;
ME;34;2;28;12;7;
ME;12;45;9;1;3;
ME;23;42;14;27;3;
ME;6;42;38;45;46;
ME;25;36;32;20;45;
ME;18;13;43;2;42;
ME;2;20;5;31;11;
ME;41;10;49;43;18;
ME;27;30;18;49;47;
ME;26;24;14;22;23;
ME;4;22;30;26;49;
ME;6;37;36;40;26;
ME;12;37;30;16;19;
ME;40;41;14;18;20;
JE;20;21;47;13;49;
JE;42;2;31;36;1;
ME;48;31;41;49;35;
ME;25;15;7;31;42;
ME;42;30;35;31;44;
ME;32;10;11;49;25;
ME;32;20;47;14;19;
ME;48;38;17;42;8;
ME;6;16;21;3;49;
JE;31;46;39;36;26;
ME;28;34;8;42;20;
ME;41;35;27;16;24;
ME;4;48;14;33;29;
ME;12;21;9;20;8;
ME;48;45;27;47;23;
ME;34;25;4;5;41;
ME;20;48;35;34;8;
ME;2;6;40;48;37;
ME;28;38;21;12;48;
ME;41;21;20;42;46;
JE;45;31;18;27;30;
ME;40;3;18;16;21;
ME;5;3;1;27;17;
ME;17;19;11;34;7;
ME;28;11;16;8;24;
ME;9;15;2;40;25;
ME;46;47;39;29;17;
ME;3;46;41;45;16;
ME;49;11;32;44;20;
ME;12;49;40;10;1;
ME;21;1;43;35;13;
ME;49;14;48;10;29;
ME;7;18;46;47;3;
JE;23;45;49;11;20;
ME;5;4;2;29;8;
ME;17;27;19;40;28;
ME;37;45;29;28;24;
ME;49;17;27;42;40;
ME;36;7;31;46;26;
ME;33;27;7;12;35;
JE;28;15;7;4;24;
ME;43;36;31;29;45;
ME;27;14;13;20;12;
ME;41;7;34;16;40;
ME;45;17;18;46;38;
ME;42;5;37;14;31;
ME;40;4;38;39;24;
ME;10;33;27;5;8;
ME;16;2;37;48;7;
ME;36;1;12;34;37;
ME;23;22;33;27;26;
ME;38;45;4;43;17;
ME;7;36;5;12;37;
ME;11;6;35;23;39;
ME;38;9;28;12;19;
ME;30;12;27;38;41;
ME;37;44;20;42;6;
ME;23;21;38;45;48;
ME;3;15;16;2;37;
ME;1;33;20;28;9;
ME;20;42;35;14;19;
JE;31;47;32;4;38;
ME;38;6;25;34;3;
ME;45;6;11;24;12;
ME;47;27;6;5;42;
ME;4;36;49;7;28;
ME;2;4;33;7;38;
ME;15;27;5;3;19;
ME;9;18;17;3;44;
ME;37;7;32;34;27;
ME;43;34;8;49;32;
ME;5;26;9;49;19;
JE;4;10;29;5;32;
ME;31;30;47;15;45;
ME;23;26;24;18;15;
ME;6;28;48;44;14;
ME;11;7;32;12;30;
ME;44;21;48;36;3;
ME;28;2;37;16;20;
ME;47;38;48;37;1;
ME;42;15;7;19;12;
ME;29;39;8;27;28;
ME;24;43;31;21;37;
ME;32;38;15;2;18;
ME;44;38;20;31;22;
ME;7;20;4;19;44;
ME;28;10;1;23;9;
ME;29;36;49;38;34;
ME;6;30;29;28;44;
ME;30;17;35;7;9;
JE;41;28;26;3;16;
ME;33;18;7;8;25;
ME;19;10;40;41;43;
ME;14;20;22;40;17;
ME;40;21;20;45;44;
ME;3;28;4;9;46;
ME;26;27;6;22;33;
ME;42;43;25;22;34;
ME;11;44;13;37;31;
ME;11;40;28;22;1;
ME;25;23;5;1;41;
ME;21;7;45;12;9;
ME;41;33;2;14;45;
ME;16;15;17;31;8;
ME;36;26;1;34;32;
ME;9;12;32;24;47;
ME;20;36;3;7;1;
ME;26;45;19;9;39;
ME;38;31;12;49;7;
ME;18;26;16;22;28;
ME;20;19;25;5;12;
ME;2;32;44;45;20;
ME;17;3;41;38;30;
JE;46;40;30;9;33;
ME;43;5;40;13;17;
ME;20;26;14;48;33;
ME;36;19;46;2;20;
ME;47;30;38;6;26;
ME;7;15;11;8;35;
ME;35;24;10;36;9;
ME;27;7;39;3;8;
ME;25;30;22;3;38;
ME;27;33;42;8;26;
ME;32;11;7;8;38;
ME;21;9;3;24;34;
ME;8;42;33;31;17;
JE;47;37;25;6;4;
ME;40;49;16;37;35;
ME;15;2;31;19;27;
JE;42;5;29;28;27;
ME;27;32;34;19;45;
ME;10;17;25;35;5;
ME;30;22;11;9;23;
ME;2;3;35;13;1;
JE;44;16;47;10;15;
JE;10;26;42;1;4;
ME;31;15;33;27;36;